date,datetimeObj,TT,NTT,Unavailable,Total,Overall_EMA
09/15/2012,2012-09-15,0,1,0,1,1.0
01/15/2013,2013-01-15,0,1,0,1,1.0
01/20/2013,2013-01-20,0,1,0,1,1.0
01/23/2013,2013-01-23,2,0,0,2,1.3657142857142857
01/24/2013,2013-01-24,1,0,0,1,1.2458386683738796
01/28/2013,2013-01-28,1,1,0,2,1.4752004752004753
02/01/2013,2013-02-01,1,0,0,1,1.3380995985067268
02/03/2013,2013-02-03,0,1,0,1,1.2441712590080543
02/04/2013,2013-02-04,1,0,0,1,1.1781729845212219
02/13/2013,2013-02-13,0,1,0,1,1.1309716662607487
08/15/2013,2013-08-15,3,0,0,3,1.618833667690857
08/16/2013,2013-08-16,2,0,0,2,1.717242483045592
08/19/2013,2013-08-19,0,1,0,1,1.5335682654023326
08/21/2013,2013-08-21,2,0,0,2,1.6522916053509482
08/23/2013,2013-08-23,1,0,0,1,1.4870099693143408
08/26/2013,2013-08-26,1,1,0,2,1.6165558631113424
08/27/2013,2013-08-27,1,0,0,1,1.4612494674165404
08/28/2013,2013-08-28,1,0,0,1,1.3452833170234921
08/30/2013,2013-08-30,2,1,0,3,1.760719067516718
09/01/2013,2013-09-01,4,0,0,4,2.3223202570346575
09/02/2013,2013-09-02,1,0,0,1,1.9909520636978235
09/03/2013,2013-09-03,7,0,0,7,3.245451832886428
09/04/2013,2013-09-04,2,0,0,2,2.933671758121442
09/05/2013,2013-09-05,1,0,0,1,2.4497682740559927
09/06/2013,2013-09-06,9,0,0,9,4.088559467133644
09/08/2013,2013-09-08,1,0,0,1,3.3159835526374404
09/09/2013,2013-09-09,3,3,1,7,4.237377695866449
09/10/2013,2013-09-10,3,1,0,4,4.178014425291946
09/11/2013,2013-09-11,1,0,0,1,3.383321595093413
09/12/2013,2013-09-12,0,1,0,1,2.7873847726767034
09/13/2013,2013-09-13,4,1,0,5,3.340612676954142
09/14/2013,2013-09-14,3,0,0,3,3.2554509530138582
09/15/2013,2013-09-15,2,1,0,3,3.1915834030226526
09/16/2013,2013-09-16,4,0,0,4,3.393698972704068
09/17/2013,2013-09-17,1,2,0,3,3.295270058271382
09/18/2013,2013-09-18,3,0,0,3,3.2214501974296645
09/19/2013,2013-09-19,3,0,0,3,3.1660863283176655
09/20/2013,2013-09-20,6,0,0,6,3.874577412906566
09/23/2013,2013-09-23,3,0,0,3,3.6559301278865353
09/24/2013,2013-09-24,1,0,0,1,2.9919409184508705
09/25/2013,2013-09-25,1,1,0,2,2.74395381841061
09/26/2013,2013-09-26,1,0,0,1,2.307962897481805
09/27/2013,2013-09-27,0,2,0,2,2.2309718464674373
09/30/2013,2013-09-30,3,0,0,3,2.42322949660796
10/01/2013,2013-10-01,3,0,0,3,2.567422466568859
10/02/2013,2013-10-02,3,0,0,3,2.675567043489875
10/03/2013,2013-10-03,1,1,1,3,2.7566753914966093
10/04/2013,2013-10-04,3,1,0,4,3.0675068565657284
10/07/2013,2013-10-07,3,1,0,4,3.300630318454783
10/08/2013,2013-10-08,3,2,0,5,3.725472979438687
10/09/2013,2013-10-09,3,0,0,3,3.544104657544409
10/10/2013,2013-10-10,1,1,0,2,3.158078370187343
10/11/2013,2013-10-11,3,1,0,4,3.3685588279278558
10/12/2013,2013-10-12,1,0,0,1,2.776419014841714
10/14/2013,2013-10-14,1,0,0,1,2.3323142014476916
10/15/2013,2013-10-15,3,1,0,4,2.7492356931085733
10/16/2013,2013-10-16,2,0,0,2,2.5619267556718452
10/17/2013,2013-10-17,2,0,0,2,2.421445058789118
10/18/2013,2013-10-18,1,1,0,2,2.3160837896116577
10/21/2013,2013-10-21,2,2,0,4,2.7370628556344236
10/22/2013,2013-10-22,4,1,0,5,3.302797155257431
10/23/2013,2013-10-23,1,0,0,1,2.7270978561156007
10/24/2013,2013-10-24,0,2,0,2,2.545323389641061
10/25/2013,2013-10-25,2,0,0,2,2.4089925408551234
10/27/2013,2013-10-27,1,0,0,1,2.056744402975523
10/28/2013,2013-10-28,1,0,0,1,1.7925583007321184
10/29/2013,2013-10-29,6,1,0,7,3.0944187310911215
10/31/2013,2013-10-31,1,1,0,2,2.8208140474447876
11/01/2013,2013-11-01,4,2,0,6,3.6156105374867846
11/03/2013,2013-11-03,0,0,1,1,2.9617079019407275
11/04/2013,2013-11-04,3,0,0,3,2.97128092646844
11/05/2013,2013-11-05,1,0,0,1,2.478460694353479
11/06/2013,2013-11-06,4,0,0,4,2.85884552105331
11/07/2013,2013-11-07,4,1,0,5,3.394134141094156
11/08/2013,2013-11-08,1,0,0,1,2.795600605565533
11/10/2013,2013-11-10,1,0,0,1,2.346700454030665
11/11/2013,2013-11-11,4,0,0,4,2.760025340622084
11/12/2013,2013-11-12,1,2,0,3,2.8200190054773495
11/14/2013,2013-11-14,1,0,0,1,2.365014254046656
11/15/2013,2013-11-15,4,1,0,5,3.0237606906016143
11/18/2013,2013-11-18,2,0,0,2,2.7678205179317974
11/19/2013,2013-11-19,6,1,0,7,3.825865388509038
11/20/2013,2013-11-20,0,1,0,1,3.1193990413516364
11/21/2013,2013-11-21,1,0,0,1,2.5895492809967724
11/22/2013,2013-11-22,0,1,0,1,2.1921619607380425
11/23/2013,2013-11-23,1,0,0,1,1.8941214705481673
11/25/2013,2013-11-25,1,1,0,2,1.9205911029114828
11/27/2013,2013-11-27,2,0,0,2,1.940443327183813
12/02/2013,2013-12-02,2,0,0,2,1.9553324953879727
12/04/2013,2013-12-04,2,0,0,2,1.9664993715410433
12/09/2013,2013-12-09,3,0,0,3,2.224874528656886
12/10/2013,2013-12-10,1,1,0,2,2.1686558964924845
12/11/2013,2013-12-11,2,0,0,2,2.126491922369262
12/12/2013,2013-12-12,1,2,0,3,2.34486894177734
12/13/2013,2013-12-13,1,0,0,1,2.0086517063325506
12/16/2013,2013-12-16,0,1,0,1,1.7564887797491573
12/18/2013,2013-12-18,2,0,0,2,1.8173665848119143
12/19/2013,2013-12-19,0,1,0,1,1.6130249386088191
12/22/2013,2013-12-22,1,0,0,1,1.459768703956549
12/26/2013,2013-12-26,0,2,0,2,1.5948265279674552
01/01/2014,2014-01-01,0,1,0,1,1.4461198959755557
01/03/2014,2014-01-03,0,1,0,1,1.3345899219816466
01/06/2014,2014-01-06,3,0,0,3,1.7509424414862913
01/09/2014,2014-01-09,0,1,0,1,1.5632068311146994
01/13/2014,2014-01-13,0,1,0,1,1.4224051233360138
01/14/2014,2014-01-14,0,1,0,1,1.316803842502004
01/17/2014,2014-01-17,1,1,0,2,1.4876028818765104
01/27/2014,2014-01-27,1,0,0,1,1.3657021614073788
02/01/2014,2014-02-01,0,1,0,1,1.2742766210555319
02/04/2014,2014-02-04,1,0,0,1,1.2057074657916476
02/06/2014,2014-02-06,2,0,0,2,1.4042805993437382
02/07/2014,2014-02-07,1,1,0,2,1.553210449507805
02/11/2014,2014-02-11,0,1,0,1,1.4149078371308528
02/12/2014,2014-02-12,0,1,0,1,1.3111808778481389
02/14/2014,2014-02-14,0,2,0,2,1.483385658386105
02/15/2014,2014-02-15,0,1,0,1,1.3625392437895782
02/20/2014,2014-02-20,3,0,0,3,1.7719044328421847
02/21/2014,2014-02-21,2,1,0,3,2.0789283246316392
02/24/2014,2014-02-24,1,0,0,1,1.8091962434737292
02/26/2014,2014-02-26,0,1,0,1,1.6068971826052967
02/27/2014,2014-02-27,1,0,0,1,1.4551728869539724
02/28/2014,2014-02-28,2,0,0,2,1.5913796652154795
03/03/2014,2014-03-03,1,2,0,3,1.9435347489116097
03/04/2014,2014-03-04,0,1,0,1,1.7076510616837073
03/06/2014,2014-03-06,1,0,0,1,1.5307382962627805
03/07/2014,2014-03-07,0,1,0,1,1.3980537221970852
03/10/2014,2014-03-10,1,2,0,3,1.7985402916478141
03/12/2014,2014-03-12,0,4,0,4,2.3489052187358603
03/14/2014,2014-03-14,0,1,0,1,2.011678914051895
03/18/2014,2014-03-18,2,0,0,2,2.008759185538921
03/25/2014,2014-03-25,0,3,0,3,2.256569389154191
03/26/2014,2014-03-26,1,1,0,2,2.1924270418656433
03/31/2014,2014-03-31,0,1,0,1,1.8943202813992324
04/01/2014,2014-04-01,1,0,0,1,1.6707402110494243
04/02/2014,2014-04-02,0,2,0,2,1.7530551582870684
04/07/2014,2014-04-07,0,1,0,1,1.5647913687153012
04/09/2014,2014-04-09,0,2,0,2,1.673593526536476
04/15/2014,2014-04-15,0,1,0,1,1.505195144902357
04/17/2014,2014-04-17,0,1,0,1,1.3788963586767677
04/22/2014,2014-04-22,0,1,0,1,1.2841722690075756
04/25/2014,2014-04-25,1,1,0,2,1.4631292017556816
04/28/2014,2014-04-28,0,1,0,1,1.3473469013167612
05/16/2014,2014-05-16,1,0,0,1,1.2605101759875708
05/19/2014,2014-05-19,0,1,0,1,1.195382631990678
05/21/2014,2014-05-21,1,0,0,1,1.1465369739930085
05/30/2014,2014-05-30,1,0,0,1,1.1099027304947564
06/01/2014,2014-06-01,0,1,0,1,1.0824270478710674
06/11/2014,2014-06-11,0,1,0,1,1.0618202859033004
06/13/2014,2014-06-13,0,1,0,1,1.0463652144274753
06/24/2014,2014-06-24,0,1,0,1,1.0347739108206064
07/01/2014,2014-07-01,2,0,0,2,1.2760804331154547
07/09/2014,2014-07-09,0,1,0,1,1.207060324836591
08/11/2014,2014-08-11,3,0,0,3,1.6552952436274433
08/14/2014,2014-08-14,1,0,0,1,1.4914714327205822
08/18/2014,2014-08-18,0,2,0,2,1.6186035745404368
08/20/2014,2014-08-20,2,0,0,2,1.7139526809053276
08/21/2014,2014-08-21,2,0,0,2,1.7854645106789957
08/23/2014,2014-08-23,1,0,0,1,1.5890983830092469
08/26/2014,2014-08-26,0,2,0,2,1.6918237872569353
08/27/2014,2014-08-27,2,0,0,2,1.7688678404427016
08/28/2014,2014-08-28,1,0,0,1,1.5766508803320263
09/01/2014,2014-09-01,6,2,0,8,3.1824881602490205
09/02/2014,2014-09-02,2,0,0,2,2.886866120186765
09/03/2014,2014-09-03,8,5,0,13,5.415149590140074
09/04/2014,2014-09-04,0,2,0,2,4.561362192605055
09/05/2014,2014-09-05,3,0,0,3,4.171021644453791
09/09/2014,2014-09-09,6,1,1,8,5.1282662333403435
09/10/2014,2014-09-10,1,0,0,1,4.096199675005257
09/12/2014,2014-09-12,7,0,0,7,4.8221497562539435
09/15/2014,2014-09-15,3,1,0,4,4.616612317190458
09/16/2014,2014-09-16,4,0,0,4,4.462459237892843
09/17/2014,2014-09-17,2,1,0,3,4.096844428419632
09/18/2014,2014-09-18,0,2,0,2,3.572633321314724
09/19/2014,2014-09-19,1,1,0,2,3.179474990986043
09/22/2014,2014-09-22,5,0,0,5,3.6346062432395323
09/23/2014,2014-09-23,1,0,0,1,2.975954682429649
09/24/2014,2014-09-24,3,2,0,5,3.481966011822237
09/25/2014,2014-09-25,1,0,0,1,2.8614745088666775
09/26/2014,2014-09-26,2,1,0,3,2.896105881650008
09/29/2014,2014-09-29,5,0,0,5,3.4220794112375064
09/30/2014,2014-09-30,1,2,0,3,3.3165595584281298
10/01/2014,2014-10-01,3,1,0,4,3.4874196688210977
10/02/2014,2014-10-02,1,0,0,1,2.865564751615823
10/03/2014,2014-10-03,4,1,0,5,3.3991735637118676
10/06/2014,2014-10-06,5,1,0,6,4.049380172783901
10/07/2014,2014-10-07,0,1,0,1,3.2870351295879257
10/08/2014,2014-10-08,1,1,0,2,2.965276347190944
10/09/2014,2014-10-09,4,0,0,4,3.2239572603932083
10/10/2014,2014-10-10,6,0,0,6,3.9179679452949063
10/13/2014,2014-10-13,2,2,0,4,3.9384759589711797
10/15/2014,2014-10-15,2,1,0,3,3.7038569692283847
10/16/2014,2014-10-16,3,1,0,4,3.7778927269212885
10/17/2014,2014-10-17,5,1,0,6,4.333419545190966
10/19/2014,2014-10-19,1,0,0,1,3.5000646588932245
10/20/2014,2014-10-20,2,1,0,3,3.3750484941699184
10/21/2014,2014-10-21,0,2,0,2,3.031286370627439
10/22/2014,2014-10-22,1,0,0,1,2.523464777970579
10/23/2014,2014-10-23,1,2,0,3,2.6425985834779344
10/24/2014,2014-10-24,3,2,0,5,3.2319489376084514
10/27/2014,2014-10-27,1,3,0,4,3.4239617032063387
10/28/2014,2014-10-28,3,0,0,3,3.3179712774047543
10/29/2014,2014-10-29,3,0,0,3,3.238478458053566
10/30/2014,2014-10-30,0,1,0,1,2.678858843540174
10/31/2014,2014-10-31,5,2,0,7,3.759144132655131
11/01/2014,2014-11-01,1,0,0,1,3.0693580994913483
11/03/2014,2014-11-03,3,0,0,3,3.0520185746185113
11/04/2014,2014-11-04,2,0,0,2,2.789013930963883
11/05/2014,2014-11-05,1,0,0,1,2.341760448222912
11/06/2014,2014-11-06,2,0,0,2,2.256320336167184
11/07/2014,2014-11-07,3,0,0,3,2.4422402521253876
11/10/2014,2014-11-10,1,0,0,1,2.081680189094041
11/12/2014,2014-11-12,1,0,0,1,1.8112601418205305
11/13/2014,2014-11-13,3,1,0,4,2.358445106365398
11/14/2014,2014-11-14,1,0,0,1,2.0188338297740485
11/15/2014,2014-11-15,0,1,0,1,1.7641253723305363
11/16/2014,2014-11-16,1,0,0,1,1.5730940292479023
11/17/2014,2014-11-17,5,1,0,6,2.679820521935927
11/18/2014,2014-11-18,1,1,0,2,2.509865391451945
11/20/2014,2014-11-20,2,2,0,4,2.8823990435889586
11/21/2014,2014-11-21,7,3,0,10,4.661799282691719
11/24/2014,2014-11-24,2,0,0,2,3.9963494620187894
11/25/2014,2014-11-25,1,1,0,2,3.497262096514092
11/27/2014,2014-11-27,1,0,0,1,2.8729465723855685
12/01/2014,2014-12-01,5,1,0,6,3.6547099292891767
12/02/2014,2014-12-02,1,0,0,1,2.9910324469668823
12/05/2014,2014-12-05,0,2,0,2,2.7432743352251614
12/10/2014,2014-12-10,1,1,0,2,2.5574557514188707
12/11/2014,2014-12-11,2,1,0,3,2.668091813564153
12/15/2014,2014-12-15,1,0,0,1,2.2510688601731146
12/17/2014,2014-12-17,3,1,0,4,2.688301645129836
12/18/2014,2014-12-18,1,1,0,2,2.5162262338473766
12/19/2014,2014-12-19,1,1,0,2,2.387169675385532
12/26/2014,2014-12-26,0,2,0,2,2.290377256539149
12/30/2014,2014-12-30,2,1,0,3,2.467782942404362
01/01/2015,2015-01-01,0,1,0,1,2.1008372068032712
01/04/2015,2015-01-04,1,0,0,1,1.8256279051024533
01/05/2015,2015-01-05,0,1,0,1,1.61922092882684
01/06/2015,2015-01-06,0,1,0,1,1.4644156966201298
01/07/2015,2015-01-07,1,1,0,2,1.5983117724650975
01/13/2015,2015-01-13,1,0,0,1,1.448733829348823
01/14/2015,2015-01-14,0,2,0,2,1.5865503720116174
01/15/2015,2015-01-15,5,1,0,6,2.689912779008713
01/16/2015,2015-01-16,1,0,0,1,2.267434584256535
01/20/2015,2015-01-20,0,2,0,2,2.2005759381924013
01/22/2015,2015-01-22,2,1,0,3,2.400431953644301
01/28/2015,2015-01-28,3,0,0,3,2.550323965233226
02/02/2015,2015-02-02,1,0,0,1,2.1627429739249195
02/06/2015,2015-02-06,0,1,0,1,1.8720572304436895
02/09/2015,2015-02-09,0,1,0,1,1.654042922832767
02/10/2015,2015-02-10,0,2,0,2,1.7405321921245753
02/12/2015,2015-02-12,1,0,0,1,1.5553991440934316
02/17/2015,2015-02-17,2,1,0,3,1.9165493580700739
02/24/2015,2015-02-24,0,1,0,1,1.6874120185525554
02/25/2015,2015-02-25,1,2,0,3,2.0155590139144164
02/26/2015,2015-02-26,0,1,0,1,1.7616692604358122
02/27/2015,2015-02-27,0,2,0,2,1.8212519453268592
03/02/2015,2015-03-02,0,2,0,2,1.8659389589951445
03/03/2015,2015-03-03,1,1,0,2,1.8994542192463584
03/05/2015,2015-03-05,0,2,0,2,1.9245906644347688
03/09/2015,2015-03-09,0,3,0,3,2.1934429983260766
03/10/2015,2015-03-10,1,0,0,1,1.8950822487445573
03/13/2015,2015-03-13,1,7,0,8,3.4213116865584183
03/15/2015,2015-03-15,1,0,0,1,2.8159837649188133
03/16/2015,2015-03-16,0,4,0,4,3.1119878236891103
03/20/2015,2015-03-20,0,1,0,1,2.5839908677668326
03/30/2015,2015-03-30,0,1,0,1,2.187993150825124
03/31/2015,2015-03-31,0,1,0,1,1.890994863118843
04/01/2015,2015-04-01,0,4,0,4,2.4182461473391323
04/02/2015,2015-04-02,0,1,0,1,2.063684610504349
04/08/2015,2015-04-08,0,2,0,2,2.0477634578782618
04/09/2015,2015-04-09,1,1,1,3,2.2858225934086964
04/11/2015,2015-04-11,1,0,0,1,1.9643669450565222
04/12/2015,2015-04-12,0,1,0,1,1.7232752087923917
04/13/2015,2015-04-13,1,0,0,1,1.5424564065942938
04/16/2015,2015-04-16,1,2,0,3,1.9068423049457204
04/21/2015,2015-04-21,0,2,0,2,1.9301317287092903
04/22/2015,2015-04-22,0,1,0,1,1.6975987965319677
04/28/2015,2015-04-28,0,5,0,5,2.5231990973989755
05/01/2015,2015-05-01,0,6,0,6,3.392399323049232
05/04/2015,2015-05-04,0,2,0,2,3.044299492286924
05/11/2015,2015-05-11,0,1,0,1,2.533224619215193
05/27/2015,2015-05-27,0,2,0,2,2.3999184644113947
06/01/2015,2015-06-01,0,3,0,3,2.5499388483085457
06/04/2015,2015-06-04,0,1,0,1,2.162454136231409
06/08/2015,2015-06-08,1,4,0,5,2.8718406021735565
06/17/2015,2015-06-17,1,0,0,1,2.403880451630167
06/18/2015,2015-06-18,0,1,0,1,2.0529103387226253
06/19/2015,2015-06-19,1,0,0,1,1.7896827540419689
06/23/2015,2015-06-23,0,1,0,1,1.5922620655314768
06/24/2015,2015-06-24,0,1,0,1,1.4441965491486075
06/30/2015,2015-06-30,0,2,0,2,1.5831474118614557
08/01/2015,2015-08-01,1,0,0,1,1.4373605588960916
08/10/2015,2015-08-10,2,0,0,2,1.5780204191720688
08/12/2015,2015-08-12,1,0,0,1,1.4335153143790516
08/13/2015,2015-08-13,0,1,0,1,1.3251364857842887
08/14/2015,2015-08-14,2,0,0,2,1.4938523643382164
08/17/2015,2015-08-17,2,0,0,2,1.6203892732536624
08/18/2015,2015-08-18,1,0,0,1,1.4652919549402468
08/20/2015,2015-08-20,4,0,0,4,2.098968966205185
08/25/2015,2015-08-25,2,1,0,3,2.324226724653889
08/26/2015,2015-08-26,1,0,0,1,1.9931700434904165
08/27/2015,2015-08-27,1,0,0,1,1.7448775326178123
08/28/2015,2015-08-28,3,0,0,3,2.0586581494633593
08/31/2015,2015-08-31,1,1,0,2,2.0439936120975193
09/01/2015,2015-09-01,4,4,0,8,3.53299520907314
09/02/2015,2015-09-02,2,0,0,2,3.149746406804855
09/04/2015,2015-09-04,3,0,0,3,3.1123098051036413
09/08/2015,2015-09-08,1,1,0,2,2.8342323538277308
09/09/2015,2015-09-09,1,0,0,1,2.375674265370798
09/11/2015,2015-09-11,5,1,0,6,3.281755699028099
09/12/2015,2015-09-12,1,0,0,1,2.711316774271074
09/14/2015,2015-09-14,2,0,0,2,2.5334875807033055
09/15/2015,2015-09-15,5,0,0,5,3.1501156855274797
09/16/2015,2015-09-16,1,0,0,1,2.6125867641456093
09/17/2015,2015-09-17,2,0,0,2,2.459440073109207
09/18/2015,2015-09-18,2,1,0,3,2.5945800548319053
09/21/2015,2015-09-21,1,0,0,1,2.195935041123929
09/22/2015,2015-09-22,4,0,0,4,2.6469512808429467
09/23/2015,2015-09-23,5,0,0,5,3.2352134606322105
09/24/2015,2015-09-24,3,0,0,3,3.176410095474158
09/25/2015,2015-09-25,7,2,0,9,4.632307571605619
09/26/2015,2015-09-26,2,0,0,2,3.974230678704214
09/28/2015,2015-09-28,2,0,0,2,3.480673009028161
09/29/2015,2015-09-29,3,0,0,3,3.3605047567711206
09/30/2015,2015-09-30,1,0,0,1,2.7703785675783403
10/01/2015,2015-10-01,5,0,0,5,3.3277839256837556
10/02/2015,2015-10-02,4,2,0,6,3.9958379442628167
10/05/2015,2015-10-05,1,0,0,1,3.2468784581971124
10/06/2015,2015-10-06,3,0,0,3,3.1851588436478346
10/07/2015,2015-10-07,1,0,0,1,2.6388691327358758
10/08/2015,2015-10-08,3,3,0,6,3.479151849551907
10/09/2015,2015-10-09,1,3,0,4,3.6093638871639304
10/12/2015,2015-10-12,2,0,0,2,3.207022915372948
10/13/2015,2015-10-13,5,0,0,5,3.655267186529711
10/14/2015,2015-10-14,2,0,0,2,3.2414503898972833
10/15/2015,2015-10-15,2,2,0,4,3.4310877924229626
10/16/2015,2015-10-16,1,1,0,2,3.073315844317222
10/19/2015,2015-10-19,2,1,0,3,3.0549868832379166
10/20/2015,2015-10-20,3,0,0,3,3.0412401624284375
10/21/2015,2015-10-21,3,0,0,3,3.0309301218213283
10/22/2015,2015-10-22,0,0,1,1,2.523197591365996
10/23/2015,2015-10-23,1,0,0,1,2.1423981935244965
10/26/2015,2015-10-26,1,1,1,3,2.3567986451433725
10/27/2015,2015-10-27,2,1,0,3,2.5175989838575292
10/28/2015,2015-10-28,2,1,0,3,2.6381992378931467
10/29/2015,2015-10-29,3,0,0,3,2.72864942841986
10/30/2015,2015-10-30,1,0,0,1,2.296487071314895
11/01/2015,2015-11-01,4,3,0,7,3.4723653034861712
11/02/2015,2015-11-02,4,1,0,5,3.8542739776146284
11/03/2015,2015-11-03,1,0,0,1,3.1407054832109713
11/04/2015,2015-11-04,3,0,0,3,3.1055291124082287
11/05/2015,2015-11-05,1,2,0,3,3.079146834306172
11/06/2015,2015-11-06,3,0,0,3,3.0593601257296292
11/09/2015,2015-11-09,1,0,0,1,2.5445200942972215
11/10/2015,2015-11-10,0,1,0,1,2.1583900707229158
11/11/2015,2015-11-11,1,0,0,1,1.8687925530421867
11/12/2015,2015-11-12,2,1,0,3,2.15159441478164
11/13/2015,2015-11-13,1,0,0,1,1.8636958110862298
11/15/2015,2015-11-15,1,0,0,1,1.6477718583146723
11/19/2015,2015-11-19,3,0,0,3,1.9858288937360042
11/20/2015,2015-11-20,1,0,0,1,1.7393716703020032
11/21/2015,2015-11-21,0,1,0,1,1.5545287527265026
11/24/2015,2015-11-24,0,1,0,1,1.415896564544877
11/25/2015,2015-11-25,2,1,0,3,1.8119224234086577
12/01/2015,2015-12-01,1,0,0,1,1.6089418175564933
12/04/2015,2015-12-04,1,1,0,2,1.70670636316737
12/07/2015,2015-12-07,2,0,0,2,1.7800297723755276
12/11/2015,2015-12-11,1,0,0,1,1.5850223292816457
12/15/2015,2015-12-15,1,0,0,1,1.4387667469612342
12/16/2015,2015-12-16,0,1,0,1,1.3290750602209256
12/29/2015,2015-12-29,2,0,0,2,1.4968062951656942
01/01/2016,2016-01-01,0,2,0,2,1.6226047213742707
01/04/2016,2016-01-04,4,5,0,9,3.4669535410307035
01/06/2016,2016-01-06,0,1,0,1,2.8502151557730273
01/07/2016,2016-01-07,1,0,0,1,2.38766136682977
01/08/2016,2016-01-08,0,1,0,1,2.0407460251223273
01/11/2016,2016-01-11,1,0,0,1,1.7805595188417453
01/12/2016,2016-01-12,0,3,0,3,2.085419639131309
01/14/2016,2016-01-14,1,0,0,1,1.8140647293484817
01/20/2016,2016-01-20,0,1,0,1,1.6105485470113614
01/25/2016,2016-01-25,0,4,0,4,2.207911410258521
01/26/2016,2016-01-26,1,1,0,2,2.1559335576938907
01/27/2016,2016-01-27,1,0,0,1,1.866950168270418
01/28/2016,2016-01-28,1,0,0,1,1.6502126262028134
01/29/2016,2016-01-29,3,1,0,4,2.2376594696521104
02/01/2016,2016-02-01,2,0,0,2,2.1782446022390825
02/02/2016,2016-02-02,0,2,0,2,2.1336834516793117
02/08/2016,2016-02-08,0,1,0,1,1.8502625887594837
02/12/2016,2016-02-12,0,1,0,1,1.6376969415696128
02/17/2016,2016-02-17,0,1,0,1,1.4782727061772094
02/24/2016,2016-02-24,1,1,0,2,1.6087045296329072
02/26/2016,2016-02-26,1,0,0,1,1.4565283972246803
02/29/2016,2016-02-29,0,5,0,5,2.3423962979185107
03/01/2016,2016-03-01,1,0,0,1,2.0067972234388827
03/04/2016,2016-03-04,2,2,0,4,2.5050979175791617
03/08/2016,2016-03-08,0,1,0,1,2.128823438184371
03/09/2016,2016-03-09,1,0,0,1,1.8466175786382784
03/15/2016,2016-03-15,0,2,0,2,1.8849631839787089
03/29/2016,2016-03-29,0,2,0,2,1.9137223879840317
03/30/2016,2016-03-30,0,1,0,1,1.6852917909880238
03/31/2016,2016-03-31,1,0,0,1,1.5139688432410179
04/01/2016,2016-04-01,0,1,0,1,1.3854766324307632
04/07/2016,2016-04-07,0,1,0,1,1.2891074743230724
04/11/2016,2016-04-11,0,1,0,1,1.2168306057423042
04/12/2016,2016-04-12,0,1,0,1,1.1626229543067281
04/15/2016,2016-04-15,0,1,0,1,1.1219672157300462
04/21/2016,2016-04-21,0,2,0,2,1.3414754117975345
05/03/2016,2016-05-03,0,2,0,2,1.506106558848151
05/12/2016,2016-05-12,0,1,0,1,1.379579919136113
05/20/2016,2016-05-20,0,2,0,2,1.534684939352085
05/24/2016,2016-05-24,0,2,0,2,1.6510137045140638
06/13/2016,2016-06-13,0,2,0,2,1.7382602783855479
06/15/2016,2016-06-15,0,1,0,1,1.553695208789161
06/16/2016,2016-06-16,0,2,0,2,1.6652714065918708
06/24/2016,2016-06-24,0,1,0,1,1.498953554943903
07/07/2016,2016-07-07,0,1,0,1,1.3742151662079272
08/01/2016,2016-08-01,1,0,0,1,1.2806613746559452
08/26/2016,2016-08-26,1,0,0,1,1.2104960309919588
08/29/2016,2016-08-29,0,0,1,1,1.157872023243969
09/01/2016,2016-09-01,0,1,0,1,1.1184040174329766
09/11/2016,2016-09-11,20,9,0,29,8.088803013074735
09/12/2016,2016-09-12,1,0,0,1,6.316602259806051
09/13/2016,2016-09-13,1,0,0,1,4.9874516948545375
09/14/2016,2016-09-14,0,1,0,1,3.990588771140903
09/15/2016,2016-09-15,7,6,1,14,6.492941578355678
09/19/2016,2016-09-19,1,0,0,1,5.119706183766758
09/21/2016,2016-09-21,1,0,0,1,4.089779637825068
09/22/2016,2016-09-22,1,0,0,1,3.317334728368801
09/23/2016,2016-09-23,9,1,0,10,4.988001046276601
09/28/2016,2016-09-28,2,0,0,2,4.241000784707451
09/29/2016,2016-09-29,1,0,2,3,3.930750588530588
09/30/2016,2016-09-30,8,4,0,12,5.948062941397941
10/03/2016,2016-10-03,3,0,0,3,5.211047206048455
10/05/2016,2016-10-05,1,0,0,1,4.158285404536341
10/07/2016,2016-10-07,4,4,0,8,5.118714053402255
10/10/2016,2016-10-10,3,0,0,3,4.5890355400516905
10/11/2016,2016-10-11,2,0,0,2,3.9417766550387676
10/12/2016,2016-10-12,2,0,0,2,3.456332491279076
10/14/2016,2016-10-14,5,3,0,8,4.592249368459307
10/17/2016,2016-10-17,0,0,1,1,3.6941870263444803
10/18/2016,2016-10-18,1,1,0,2,3.2706402697583603
10/21/2016,2016-10-21,4,6,0,10,4.952980202318771
10/24/2016,2016-10-24,4,0,0,4,4.714735151739078
10/26/2016,2016-10-26,2,0,0,2,4.036051363804309
10/28/2016,2016-10-28,6,4,0,10,5.527038522853231
11/03/2016,2016-11-03,0,1,0,1,4.395278892139923
11/04/2016,2016-11-04,9,0,0,9,5.546459169104942
11/05/2016,2016-11-05,1,0,0,1,4.409844376828707
11/10/2016,2016-11-10,0,1,0,1,3.55738328262153
11/11/2016,2016-11-11,1,1,0,2,3.1680374619661475
11/14/2016,2016-11-14,4,0,0,4,3.3760280964746108
11/15/2016,2016-11-15,0,2,0,2,3.0320210723559584
11/18/2016,2016-11-18,1,3,0,4,3.274015804266969
11/22/2016,2016-11-22,0,2,0,2,2.9555118532002265
11/23/2016,2016-11-23,1,0,0,1,2.46663388990017
11/30/2016,2016-11-30,2,1,0,3,2.5999754174251275
12/02/2016,2016-12-02,0,1,0,1,2.1999815630688455
12/09/2016,2016-12-09,1,4,0,5,2.899986172301634
12/14/2016,2016-12-14,1,0,0,1,2.4249896292262254
12/16/2016,2016-12-16,2,1,0,3,2.568742221919669
12/18/2016,2016-12-18,1,0,0,1,2.1765566664397515
12/20/2016,2016-12-20,1,0,0,1,1.8824174998298135
12/23/2016,2016-12-23,0,4,0,4,2.4118131248723604
12/30/2016,2016-12-30,1,0,0,1,2.0588598436542704
01/06/2017,2017-01-06,0,2,0,2,2.0441448827407025
01/13/2017,2017-01-13,1,0,0,1,1.7831086620555268
01/20/2017,2017-01-20,0,7,0,7,3.087331496541646
01/23/2017,2017-01-23,0,1,0,1,2.565498622406234
01/26/2017,2017-01-26,0,1,0,1,2.1741239668046752
01/27/2017,2017-01-27,0,5,0,5,2.8805929751035064
02/03/2017,2017-02-03,0,3,0,3,2.9104447313276296
02/09/2017,2017-02-09,1,0,0,1,2.432833548495722
02/10/2017,2017-02-10,1,3,0,4,2.8246251613717916
02/16/2017,2017-02-16,0,1,0,1,2.3684688710288437
02/17/2017,2017-02-17,0,5,0,5,3.0263516532716332
02/24/2017,2017-02-24,1,2,0,3,3.019763739953725
02/28/2017,2017-02-28,2,0,0,2,2.7648228049652936
03/03/2017,2017-03-03,0,1,0,1,2.32361710372397
03/10/2017,2017-03-10,0,4,1,5,2.9927128277929773
03/17/2017,2017-03-17,0,2,0,2,2.7445346208447328
03/21/2017,2017-03-21,0,1,0,1,2.3084009656335494
03/23/2017,2017-03-23,0,1,0,1,1.981300724225162
03/24/2017,2017-03-24,1,1,0,2,1.9859755431688715
03/31/2017,2017-03-31,0,2,1,3,2.2394816573766536
04/07/2017,2017-04-07,1,1,0,2,2.17961124303249
04/14/2017,2017-04-14,0,3,0,3,2.3847084322743677
04/21/2017,2017-04-21,0,2,0,2,2.2885313242057754
05/02/2017,2017-05-02,0,1,0,1,1.9663984931543315
05/05/2017,2017-05-05,0,1,0,1,1.7247988698657486
05/07/2017,2017-05-07,1,0,0,1,1.5435991523993116
05/19/2017,2017-05-19,0,1,0,1,1.4076993642994835
05/22/2017,2017-05-22,0,1,0,1,1.3057745232246125
05/26/2017,2017-05-26,0,2,0,2,1.4793308924184594
06/02/2017,2017-06-02,0,1,0,1,1.3594981693138444
06/07/2017,2017-06-07,0,1,0,1,1.2696236269853831
06/15/2017,2017-06-15,0,3,0,3,1.7022177202390374
06/23/2017,2017-06-23,0,1,0,1,1.526663290179278
06/27/2017,2017-06-27,0,1,0,1,1.3949974676344583
08/03/2017,2017-08-03,1,0,0,1,1.2962481007258437
08/21/2017,2017-08-21,1,0,0,1,1.2221860755443827
08/24/2017,2017-08-24,2,0,0,2,1.416639556658287
09/01/2017,2017-09-01,1,0,0,1,1.3124796674937151
09/10/2017,2017-09-10,25,3,0,28,7.984359750620288
09/11/2017,2017-09-11,1,0,0,1,6.238269812965216
09/15/2017,2017-09-15,5,2,0,7,6.428702359723912
09/19/2017,2017-09-19,1,0,0,1,5.071526769792934
09/22/2017,2017-09-22,13,4,0,17,8.0536450773447
09/24/2017,2017-09-24,2,0,0,2,6.540233808008526
09/27/2017,2017-09-27,1,0,0,1,5.155175356006394
09/29/2017,2017-09-29,12,4,2,18,8.366381517004795
10/03/2017,2017-10-03,1,0,0,1,6.524786137753596
10/05/2017,2017-10-05,0,1,0,1,5.143589603315196
10/06/2017,2017-10-06,12,6,0,18,8.357692202486398
10/09/2017,2017-10-09,1,0,0,1,6.518269151864798
10/13/2017,2017-10-13,6,1,0,7,6.638701863898599
10/18/2017,2017-10-18,0,1,0,1,5.229026397923949
10/20/2017,2017-10-20,9,4,1,14,7.421769798442963
10/27/2017,2017-10-27,8,3,0,11,8.316327348832223
10/31/2017,2017-10-31,0,2,0,2,6.737245511624167
11/01/2017,2017-11-01,3,1,0,4,6.052934133718125
11/03/2017,2017-11-03,7,3,0,10,7.039700600288594
11/05/2017,2017-11-05,0,1,0,1,5.5297754502164445
11/07/2017,2017-11-07,1,0,0,1,4.397331587662333
11/09/2017,2017-11-09,0,3,0,3,4.047998690746749
11/10/2017,2017-11-10,5,2,0,7,4.785999018060061
11/15/2017,2017-11-15,0,1,0,1,3.839499263545046
11/16/2017,2017-11-16,1,0,0,1,3.1296244476587844
11/17/2017,2017-11-17,4,1,0,5,3.5972183357440883
11/18/2017,2017-11-18,1,0,0,1,2.947913751808066
11/20/2017,2017-11-20,1,1,0,2,2.7109353138560492
11/21/2017,2017-11-21,2,0,0,2,2.533201485392037
11/22/2017,2017-11-22,1,3,0,4,2.8999011140440274
11/29/2017,2017-11-29,0,1,0,1,2.4249258355330205
12/01/2017,2017-12-01,1,1,0,2,2.3186943766497654
12/08/2017,2017-12-08,4,2,0,6,3.2390207824873247
12/15/2017,2017-12-15,2,5,0,7,4.179265586865493
12/22/2017,2017-12-22,1,2,0,3,3.8844491901491196
12/27/2017,2017-12-27,1,0,0,1,3.1633368926118397
12/29/2017,2017-12-29,4,0,0,4,3.3725026694588798
01/08/2018,2018-01-08,1,2,0,3,3.27937700209416
01/10/2018,2018-01-10,1,0,0,1,2.70953275157062
01/12/2018,2018-01-12,1,2,0,3,2.7821495636779647
01/17/2018,2018-01-17,2,0,0,2,2.5866121727584734
01/19/2018,2018-01-19,1,4,0,5,3.189959129568855
01/20/2018,2018-01-20,0,2,0,2,2.892469347176641
01/24/2018,2018-01-24,2,0,0,2,2.6693520103824806
01/25/2018,2018-01-25,1,0,0,1,2.2520140077868605
01/26/2018,2018-01-26,0,5,0,5,2.939010505840145
02/02/2018,2018-02-02,1,2,0,3,2.9542578793801084
02/09/2018,2018-02-09,0,3,0,3,2.9656934095350813
02/15/2018,2018-02-15,1,0,0,1,2.474270057151311
02/16/2018,2018-02-16,1,1,0,2,2.3557025428634835
02/23/2018,2018-02-23,1,1,0,2,2.2667769071476127
03/02/2018,2018-03-02,1,2,0,3,2.4500826803607096
03/09/2018,2018-03-09,1,4,0,5,3.0875620102705326
03/16/2018,2018-03-16,1,4,0,5,3.5656715077028998
03/23/2018,2018-03-23,0,2,0,2,3.1742536307771747
03/30/2018,2018-03-30,0,3,0,3,3.130690223082881
04/06/2018,2018-04-06,0,2,0,2,2.8480176673121607
04/11/2018,2018-04-11,1,0,0,1,2.3860132504841203
04/13/2018,2018-04-13,0,5,0,5,3.0395099378630905
04/20/2018,2018-04-20,0,1,0,1,2.529632453397318
04/27/2018,2018-04-27,1,1,0,2,2.397224340047988
05/04/2018,2018-05-04,3,2,0,5,3.0479182550359916
05/11/2018,2018-05-11,0,2,0,2,2.7859386912769932
05/18/2018,2018-05-18,0,2,0,2,2.5894540184577446
05/25/2018,2018-05-25,0,5,0,5,3.1920905138433087
06/01/2018,2018-06-01,0,1,0,1,2.6440678853824813
06/08/2018,2018-06-08,0,1,0,1,2.233050914036861
06/15/2018,2018-06-15,1,0,0,1,1.9247881855276456
06/29/2018,2018-06-29,0,1,0,1,1.6935911391457343
07/06/2018,2018-07-06,2,0,0,2,1.770193354359301
08/12/2018,2018-08-12,1,0,0,1,1.5776450157694757
08/13/2018,2018-08-13,1,0,0,1,1.4332337618271067
08/19/2018,2018-08-19,1,0,0,1,1.32492532137033
09/06/2018,2018-09-06,1,0,0,1,1.2436939910277476
09/09/2018,2018-09-09,3,0,0,3,1.682770493270811
09/10/2018,2018-09-10,15,3,4,22,6.76207786995311
09/11/2018,2018-09-11,1,0,2,3,5.821558402464832
09/14/2018,2018-09-14,5,1,1,7,6.116168801848624
09/21/2018,2018-09-21,10,0,1,11,7.337126601386468
09/24/2018,2018-09-24,1,0,0,1,5.75284495103985
09/25/2018,2018-09-25,1,0,0,1,4.564633713279887
09/28/2018,2018-09-28,6,6,1,13,6.673475284959917
10/02/2018,2018-10-02,0,0,1,1,5.255106463719937
10/03/2018,2018-10-03,1,0,0,1,4.1913298477899525
10/05/2018,2018-10-05,9,4,0,13,6.3934973858424655
10/12/2018,2018-10-12,7,4,3,14,8.29512303938185
10/19/2018,2018-10-19,7,1,0,8,8.221342279536387
10/25/2018,2018-10-25,1,0,0,1,6.41600670965229
10/26/2018,2018-10-26,5,3,1,9,7.062005032239218
11/01/2018,2018-11-01,0,1,0,1,5.5465037741794125
11/02/2018,2018-11-02,3,1,0,4,5.159877830634559
11/09/2018,2018-11-09,2,3,0,5,5.119908372975919
11/15/2018,2018-11-15,0,2,0,2,4.339931279731939
11/16/2018,2018-11-16,2,1,0,3,4.004948459798954
11/21/2018,2018-11-21,1,0,1,2,3.5037113448492154
11/30/2018,2018-11-30,3,2,1,6,4.127783508636912
12/03/2018,2018-12-03,0,1,0,1,3.345837631477684
12/07/2018,2018-12-07,1,5,4,10,5.009378223608263
12/14/2018,2018-12-14,1,2,1,4,4.757033667706197
12/21/2018,2018-12-21,2,2,0,4,4.567775250779648
12/28/2018,2018-12-28,1,0,1,2,3.9258314380847357
01/03/2019,2019-01-03,0,2,0,2,3.444373578563552
01/07/2019,2019-01-07,1,0,0,1,2.8332801839226636
01/11/2019,2019-01-11,2,3,0,5,3.374960137941998
01/18/2019,2019-01-18,1,6,0,7,4.281220103456499
01/25/2019,2019-01-25,0,1,0,1,3.460915077592374
01/28/2019,2019-01-28,0,0,1,1,2.84568630819428
02/01/2019,2019-02-01,2,1,1,4,3.13426473114571
02/08/2019,2019-02-08,1,3,3,7,4.100698548359283
02/10/2019,2019-02-10,1,0,0,1,3.325523911269462
02/15/2019,2019-02-15,0,1,0,1,2.744142933452096
02/22/2019,2019-02-22,2,5,1,8,4.058107200089073
03/01/2019,2019-03-01,0,3,1,4,4.043580400066804
03/08/2019,2019-03-08,1,3,0,4,4.032685300050103
03/15/2019,2019-03-15,1,1,0,2,3.524513975037577
03/21/2019,2019-03-21,0,1,0,1,2.8933854812781825
03/22/2019,2019-03-22,1,0,0,1,2.4200391109586366
03/23/2019,2019-03-23,0,0,1,1,2.0650293332189773
03/29/2019,2019-03-29,0,1,0,1,1.7987719999142329
04/12/2019,2019-04-12,0,2,0,2,1.8490789999356747
04/15/2019,2019-04-15,0,1,0,1,1.6368092499517561
04/19/2019,2019-04-19,0,2,0,2,1.7276069374638172
05/10/2019,2019-05-10,0,5,0,5,2.5457052030978633
05/20/2019,2019-05-20,0,1,0,1,2.1592789023233974
05/24/2019,2019-05-24,0,1,0,1,1.869459176742548
05/31/2019,2019-05-31,0,2,0,2,1.902094382556911
06/14/2019,2019-06-14,0,0,1,1,1.6765707869176834
06/21/2019,2019-06-21,1,0,0,1,1.5074280901882626
07/02/2019,2019-07-02,0,1,0,1,1.3805710676411969
08/20/2019,2019-08-20,1,0,0,1,1.2854283007308975
08/29/2019,2019-08-29,2,0,0,2,1.464071225548173
09/02/2019,2019-09-02,1,0,0,1,1.3480534191611295
09/03/2019,2019-09-03,1,0,0,1,1.261040064370847
09/09/2019,2019-09-09,1,1,0,2,1.445780048278135
09/10/2019,2019-09-10,1,0,0,1,1.3343350362086013
09/11/2019,2019-09-11,1,1,0,2,1.500751277156451
09/12/2019,2019-09-12,22,8,2,32,9.12556345786734
09/17/2019,2019-09-17,5,2,0,7,8.594172593400506
09/18/2019,2019-09-18,1,0,0,1,6.695629445050379
09/20/2019,2019-09-20,5,1,0,6,6.521722083787784
09/27/2019,2019-09-27,7,4,0,11,7.641291562840839
10/01/2019,2019-10-01,0,1,0,1,5.980968672130628
10/02/2019,2019-10-02,0,1,0,1,4.735726504097971
10/04/2019,2019-10-04,5,2,1,8,5.551794878073478
10/07/2019,2019-10-07,1,1,0,2,4.663846158555108
10/08/2019,2019-10-08,1,0,0,1,3.747884618916331
10/10/2019,2019-10-10,3,3,1,7,4.560913464187249
10/11/2019,2019-10-11,1,1,0,2,3.9206850981404364
10/16/2019,2019-10-16,0,1,0,1,3.190513823605327
10/17/2019,2019-10-17,0,1,0,1,2.642885367703995
10/18/2019,2019-10-18,6,2,0,8,3.9821640257779967
10/21/2019,2019-10-21,1,1,0,2,3.4866230193334977
10/22/2019,2019-10-22,1,0,0,1,2.864967264500123
10/23/2019,2019-10-23,4,0,0,4,3.148725448375093
10/25/2019,2019-10-25,2,1,0,3,3.1115440862813197
10/28/2019,2019-10-28,1,0,0,1,2.5836580647109897
10/29/2019,2019-10-29,0,1,0,1,2.187743548533242
11/01/2019,2019-11-01,1,1,0,2,2.1408076613999314
11/02/2019,2019-11-02,0,0,1,1,1.8556057460499484
11/03/2019,2019-11-03,1,0,0,1,1.6417043095374613
11/06/2019,2019-11-06,0,1,0,1,1.4812782321530957
11/07/2019,2019-11-07,3,2,1,6,2.610958674114822
11/08/2019,2019-11-08,1,1,0,2,2.458219005586116
11/11/2019,2019-11-11,0,1,0,1,2.093664254189587
11/13/2019,2019-11-13,1,0,0,1,1.8202481906421903
11/14/2019,2019-11-14,1,0,0,1,1.6151861429816428
11/15/2019,2019-11-15,1,1,0,2,1.7113896072362322
11/20/2019,2019-11-20,1,1,0,2,1.7835422054271743
11/21/2019,2019-11-21,0,1,0,1,1.5876566540703807
11/27/2019,2019-11-27,0,2,0,2,1.6907424905527857
12/01/2019,2019-12-01,0,2,0,2,1.7680568679145894
12/06/2019,2019-12-06,1,5,0,6,2.826042650935942
12/07/2019,2019-12-07,1,0,0,1,2.3695319882019565
12/09/2019,2019-12-09,0,1,0,1,2.0271489911514675
12/12/2019,2019-12-12,0,3,0,3,2.2703617433636007
12/15/2019,2019-12-15,1,0,0,1,1.9527713075227005
12/17/2019,2019-12-17,1,1,0,2,1.9645784806420254
12/20/2019,2019-12-20,1,2,1,4,2.4734338604815194
12/26/2019,2019-12-26,1,0,0,1,2.105075395361139
01/03/2020,2020-01-03,1,0,0,1,1.8288065465208543
01/04/2020,2020-01-04,1,0,0,1,1.6216049098906407
01/10/2020,2020-01-10,2,2,0,4,2.2162036824179805
01/17/2020,2020-01-17,1,1,0,2,2.1621527618134855
01/21/2020,2020-01-21,0,1,0,1,1.871614571360114
01/24/2020,2020-01-24,1,2,0,3,2.1537109285200855
01/31/2020,2020-01-31,1,2,0,3,2.365283196390064
02/01/2020,2020-02-01,0,1,0,1,2.023962397292548
02/07/2020,2020-02-07,0,1,0,1,1.7679717979694107
02/12/2020,2020-02-12,1,0,0,1,1.575978848477058
02/14/2020,2020-02-14,0,1,0,1,1.4319841363577934
02/20/2020,2020-02-20,0,1,0,1,1.323988102268345
02/21/2020,2020-02-21,0,2,0,2,1.4929910767012589
02/27/2020,2020-02-27,0,3,0,3,1.8697433075259442
02/28/2020,2020-02-28,0,1,0,1,1.6523074806444582
03/05/2020,2020-03-05,0,3,0,3,1.9892306104833437
03/10/2020,2020-03-10,0,1,0,1,1.7419229578625077
03/11/2020,2020-03-11,0,1,0,1,1.556442218396881
03/23/2020,2020-03-23,0,1,0,1,1.4173316637976605
03/26/2020,2020-03-26,0,1,0,1,1.3129987478482452
04/03/2020,2020-04-03,1,0,1,2,1.4847490608861837
04/17/2020,2020-04-17,1,0,0,1,1.3635617956646378
05/01/2020,2020-05-01,0,2,0,2,1.5226713467484785
05/15/2020,2020-05-15,0,2,0,2,1.642003510061359
06/03/2020,2020-06-03,0,1,0,1,1.4815026325460192
06/05/2020,2020-06-05,0,1,0,1,1.3611269744095142
06/10/2020,2020-06-10,1,3,0,4,2.020845230807136
07/01/2020,2020-07-01,0,1,0,1,1.765633923105352
07/17/2020,2020-07-17,0,1,0,1,1.574225442329014
09/07/2020,2020-09-07,3,3,0,6,2.680669081746761
09/16/2020,2020-09-16,5,0,0,5,3.2605018113100708
09/17/2020,2020-09-17,1,0,0,1,2.695376358482553
09/18/2020,2020-09-18,1,1,0,2,2.5215322688619146
09/23/2020,2020-09-23,2,1,0,3,2.6411492016464355
09/25/2020,2020-09-25,3,0,0,3,2.7308619012348267
09/30/2020,2020-09-30,1,1,0,2,2.5481464259261197
10/01/2020,2020-10-01,1,0,0,1,2.1611098194445897
10/02/2020,2020-10-02,1,0,0,1,1.8708323645834422
10/06/2020,2020-10-06,1,0,0,1,1.6531242734375817
10/11/2020,2020-10-11,2,2,0,4,2.2398432050781865
10/18/2020,2020-10-18,4,0,0,4,2.6798824038086395
10/20/2020,2020-10-20,2,0,0,2,2.5099118028564793
10/23/2020,2020-10-23,1,1,0,2,2.3824338521423596
10/25/2020,2020-10-25,2,0,0,2,2.28682538910677
10/26/2020,2020-10-26,0,1,0,1,1.9651190418300772
10/27/2020,2020-10-27,0,1,0,1,1.723839281372558
10/28/2020,2020-10-28,3,0,0,3,2.0428794610294188
10/29/2020,2020-10-29,2,0,0,2,2.032159595772064
11/03/2020,2020-11-03,2,0,0,2,2.024119696829048
11/05/2020,2020-11-05,1,0,0,1,1.768089772621786
11/12/2020,2020-11-12,3,0,0,3,2.076067329466339
11/16/2020,2020-11-16,0,1,0,1,1.8070504970997543
11/17/2020,2020-11-17,1,1,0,2,1.8552878728248157
11/20/2020,2020-11-20,1,0,0,1,1.6414659046186117
11/23/2020,2020-11-23,1,0,0,1,1.4810994284639587
11/24/2020,2020-11-24,1,0,0,1,1.360824571347969
12/01/2020,2020-12-01,2,0,0,2,1.520618428510977
12/03/2020,2020-12-03,1,0,0,1,1.3904638213832325
12/10/2020,2020-12-10,1,1,0,2,1.5428478660374245
12/12/2020,2020-12-12,1,0,0,1,1.4071358995280683
12/18/2020,2020-12-18,1,0,0,1,1.3053519246460512
12/24/2020,2020-12-24,3,1,0,4,1.9790139434845386
01/08/2021,2021-01-08,2,2,0,4,2.484260457613404
01/09/2021,2021-01-09,1,0,0,1,2.113195343210053
01/15/2021,2021-01-15,2,4,0,6,3.08489650740754
01/21/2021,2021-01-21,0,1,0,1,2.563672380555655
01/27/2021,2021-01-27,1,1,0,2,2.4227542854167408
02/09/2021,2021-02-09,0,2,0,2,2.3170657140625557
02/12/2021,2021-02-12,0,2,0,2,2.2377992855469166
02/22/2021,2021-02-22,1,0,0,1,1.9283494641601875
02/25/2021,2021-02-25,1,1,0,2,1.9462620981201406
02/28/2021,2021-02-28,0,1,0,1,1.7096965735901055
03/03/2021,2021-03-03,1,0,0,1,1.5322724301925792
03/05/2021,2021-03-05,4,3,0,7,2.8992043226444344
03/12/2021,2021-03-12,0,6,0,6,3.674403241983326
03/13/2021,2021-03-13,0,1,0,1,3.0058024314874947
03/15/2021,2021-03-15,0,1,0,1,2.504351823615621
03/17/2021,2021-03-17,1,2,0,3,2.6282638677117154
03/19/2021,2021-03-19,0,1,0,1,2.2211979007837863
03/25/2021,2021-03-25,1,3,0,4,2.6658984255878395
03/26/2021,2021-03-26,0,2,0,2,2.4994238191908793
04/02/2021,2021-04-02,0,6,0,6,3.3745678643931596
04/04/2021,2021-04-04,0,1,0,1,2.7809258982948695
04/08/2021,2021-04-08,1,0,0,1,2.335694423721152
04/10/2021,2021-04-10,0,1,0,1,2.001770817790864
04/14/2021,2021-04-14,0,2,0,2,2.0013281133431478
04/20/2021,2021-04-20,1,0,0,1,1.7509960850073607
04/22/2021,2021-04-22,0,2,0,2,1.8132470637555205
04/27/2021,2021-04-27,0,1,0,1,1.6099352978166404
04/30/2021,2021-04-30,0,2,0,2,1.7074514733624804
05/03/2021,2021-05-03,0,1,0,1,1.5305886050218604
05/05/2021,2021-05-05,1,0,0,1,1.3979414537663952
05/13/2021,2021-05-13,0,1,0,1,1.2984560903247964
05/14/2021,2021-05-14,0,2,0,2,1.473842067743597
05/18/2021,2021-05-18,0,3,0,3,1.8553815508076978
05/19/2021,2021-05-19,0,3,0,3,2.141536163105773
05/20/2021,2021-05-20,0,1,0,1,1.8561521223293298
05/28/2021,2021-05-28,0,1,0,1,1.6421140917469974
06/04/2021,2021-06-04,0,2,0,2,1.7315855688102482
06/07/2021,2021-06-07,0,1,0,1,1.5486891766076862
06/08/2021,2021-06-08,0,2,0,2,1.6615168824557647
06/14/2021,2021-06-14,0,1,0,1,1.4961376618418234
06/21/2021,2021-06-21,0,1,0,1,1.3721032463813674
06/30/2021,2021-06-30,0,2,0,2,1.5290774347860256
07/06/2021,2021-07-06,0,1,0,1,1.3968080760895192
07/29/2021,2021-07-29,0,1,0,1,1.2976060570671393
08/24/2021,2021-08-24,0,1,0,1,1.2232045428003544
08/30/2021,2021-08-30,2,1,0,3,1.6674034071002661
09/01/2021,2021-09-01,1,0,0,1,1.5005525553251997
09/08/2021,2021-09-08,5,3,0,8,3.1254144164939004
09/09/2021,2021-09-09,0,1,0,1,2.594060812370425
09/10/2021,2021-09-10,1,0,0,1,2.1955456092778185
09/13/2021,2021-09-13,1,1,0,2,2.146659206958364
09/14/2021,2021-09-14,2,1,0,3,2.359994405218773
09/15/2021,2021-09-15,2,0,0,2,2.2699958039140795
09/16/2021,2021-09-16,0,1,0,1,1.9524968529355595
09/17/2021,2021-09-17,1,0,0,1,1.7143726397016696
09/20/2021,2021-09-20,3,3,0,6,2.7857794797762523
09/22/2021,2021-09-22,3,1,0,4,3.0893346098321897
09/23/2021,2021-09-23,1,0,0,1,2.567000957374142
09/24/2021,2021-09-24,2,0,0,2,2.425250718030606
09/25/2021,2021-09-25,5,1,0,6,3.3189380385229548
09/29/2021,2021-09-29,2,3,0,5,3.739203528892216
09/30/2021,2021-09-30,3,0,0,3,3.5544026466691623
10/03/2021,2021-10-03,1,0,0,1,2.9158019850018713
10/05/2021,2021-10-05,3,0,0,3,2.9368514887514032
10/09/2021,2021-10-09,3,2,0,5,3.4526386165635525
10/10/2021,2021-10-10,0,1,0,1,2.839478962422664
10/11/2021,2021-10-11,2,0,0,2,2.629609221816998
10/14/2021,2021-10-14,2,0,0,2,2.4722069163627483
10/18/2021,2021-10-18,0,1,0,1,2.104155187272061
10/19/2021,2021-10-19,0,1,0,1,1.8281163904540456
10/20/2021,2021-10-20,1,0,0,1,1.6210872928405342
10/21/2021,2021-10-21,4,0,0,4,2.215815469630401
10/25/2021,2021-10-25,2,0,0,2,2.1618616022228005
10/27/2021,2021-10-27,2,1,0,3,2.3713962016671
10/28/2021,2021-10-28,1,0,0,1,2.0285471512503253
11/01/2021,2021-11-01,2,0,0,2,2.021410363437744
11/02/2021,2021-11-02,1,0,0,1,1.7660577725783078
11/03/2021,2021-11-03,3,1,0,4,2.3245433294337308
11/04/2021,2021-11-04,0,3,0,3,2.493407497075298
11/05/2021,2021-11-05,1,1,0,2,2.3700556228064733
11/07/2021,2021-11-07,1,0,0,1,2.027541717104855
11/09/2021,2021-11-09,1,4,0,5,2.770656287828641
11/11/2021,2021-11-11,3,1,0,4,3.077992215871481
11/12/2021,2021-11-12,2,2,0,4,3.308494161903611
11/15/2021,2021-11-15,1,0,0,1,2.731370621427708
11/16/2021,2021-11-16,0,1,0,1,2.2985279660707807
11/17/2021,2021-11-17,3,3,0,6,3.223895974553086
11/18/2021,2021-11-18,0,1,0,1,2.667921980914814
11/19/2021,2021-11-19,1,1,0,2,2.5009414856861105
11/26/2021,2021-11-26,0,1,0,1,2.125706114264583
11/27/2021,2021-11-27,2,2,0,4,2.594279585698437
11/30/2021,2021-11-30,2,2,0,4,2.9457096892738277
12/01/2021,2021-12-01,1,0,0,1,2.4592822669553707
12/05/2021,2021-12-05,2,3,0,5,3.094461700216528
12/07/2021,2021-12-07,0,3,0,3,3.0708462751623964
12/08/2021,2021-12-08,1,0,0,1,2.553134706371797
12/09/2021,2021-12-09,2,0,0,2,2.414851029778848
12/12/2021,2021-12-12,1,0,0,1,2.061138272334136
12/14/2021,2021-12-14,1,2,0,3,2.2958537042506015
12/20/2021,2021-12-20,2,4,0,6,3.2218902781879515
12/26/2021,2021-12-26,2,2,0,4,3.4164177086409637
12/29/2021,2021-12-29,1,0,0,1,2.8123132814807223
01/03/2022,2022-01-03,1,0,0,1,2.3592349611105417
01/04/2022,2022-01-04,0,1,0,1,2.0194262208329063
01/07/2022,2022-01-07,1,1,0,2,2.0145696656246797
01/16/2022,2022-01-16,1,1,0,2,2.01092724921851
01/20/2022,2022-01-20,0,3,0,3,2.258195436913882
01/24/2022,2022-01-24,0,1,0,1,1.9436465776854115
01/25/2022,2022-01-25,1,1,0,2,1.9577349332640586
01/27/2022,2022-01-27,0,1,0,1,1.718301199948044
02/01/2022,2022-02-01,0,2,0,2,1.7887258999610332
02/02/2022,2022-02-02,0,2,0,2,1.8415444249707749
02/03/2022,2022-02-03,0,1,0,1,1.6311583187280811
02/05/2022,2022-02-05,1,0,0,1,1.4733687390460608
02/07/2022,2022-02-07,0,1,0,1,1.3550265542845454
02/10/2022,2022-02-10,0,3,0,3,1.7662699157134092
02/18/2022,2022-02-18,3,4,0,7,3.0747024367850573
02/22/2022,2022-02-22,0,3,0,3,3.056026827588793
02/23/2022,2022-02-23,1,0,0,1,2.5420201206915944
02/24/2022,2022-02-24,1,0,0,1,2.156515090518696
02/28/2022,2022-02-28,0,1,0,1,1.8673863178890218
03/02/2022,2022-03-02,1,1,0,2,1.9005397384167664
03/06/2022,2022-03-06,1,2,0,3,2.1754048038125746
03/08/2022,2022-03-08,0,1,0,1,1.8815536028594309
03/09/2022,2022-03-09,1,1,0,2,1.911165202144573
03/10/2022,2022-03-10,1,2,0,3,2.1833739016084297
03/17/2022,2022-03-17,0,3,0,3,2.387530426206322
03/23/2022,2022-03-23,0,4,0,4,2.7906478196547417
03/25/2022,2022-03-25,0,2,0,2,2.592985864741056
03/29/2022,2022-03-29,0,3,0,3,2.6947393985557917
03/30/2022,2022-03-30,0,1,0,1,2.2710545489168434
04/05/2022,2022-04-05,1,1,0,2,2.2032909116876325
04/07/2022,2022-04-07,0,1,0,1,1.9024681837657242
04/11/2022,2022-04-11,0,1,0,1,1.6768511378242932
04/13/2022,2022-04-13,0,4,0,4,2.25763835336822
04/19/2022,2022-04-19,0,1,0,1,1.943228765026165
04/25/2022,2022-04-25,0,3,0,3,2.207421573769624
04/26/2022,2022-04-26,1,0,0,1,1.905566180327218
05/04/2022,2022-05-04,1,5,0,6,2.9291746352454138
05/09/2022,2022-05-09,0,2,0,2,2.69688097643406
05/13/2022,2022-05-13,1,1,0,2,2.5226607323255448
05/19/2022,2022-05-19,0,1,0,1,2.1419955492441587
05/20/2022,2022-05-20,0,1,0,1,1.856496661933119
05/25/2022,2022-05-25,0,1,0,1,1.6423724964498392
05/26/2022,2022-05-26,0,1,0,1,1.4817793723373793
05/27/2022,2022-05-27,0,1,0,1,1.3613345292530343
05/30/2022,2022-05-30,0,5,0,5,2.271000896939776
06/02/2022,2022-06-02,0,1,0,1,1.953250672704832
06/13/2022,2022-06-13,0,2,0,2,1.964938004528624
06/22/2022,2022-06-22,0,1,0,1,1.723703503396468
08/17/2022,2022-08-17,1,0,0,1,1.542777627547351
08/29/2022,2022-08-29,1,0,0,1,1.407083220660513
09/01/2022,2022-09-01,4,2,0,6,2.555312415495385
09/06/2022,2022-09-06,1,0,0,1,2.1664843116215384
09/08/2022,2022-09-08,1,0,0,1,1.8748632337161537
09/12/2022,2022-09-12,2,1,0,3,2.156147425287115
09/14/2022,2022-09-14,4,0,0,4,2.617110568965336
09/15/2022,2022-09-15,1,4,0,5,3.212832926724002
09/16/2022,2022-09-16,2,1,0,3,3.159624695043002
09/19/2022,2022-09-19,1,2,0,3,3.1197185212822514
09/20/2022,2022-09-20,2,0,0,2,2.8397888909616884
09/22/2022,2022-09-22,4,1,0,5,3.3798416682212666
09/24/2022,2022-09-24,0,1,0,1,2.7848812511659498
09/28/2022,2022-09-28,4,3,0,7,3.8386609383744625
10/02/2022,2022-10-02,0,1,0,1,3.128995703780847
10/04/2022,2022-10-04,3,1,0,4,3.3467467778356355
10/05/2022,2022-10-05,2,0,0,2,3.0100600833767266
10/06/2022,2022-10-06,2,0,0,2,2.757545062532545
10/10/2022,2022-10-10,7,2,0,9,4.318158796899409
10/11/2022,2022-10-11,2,0,0,2,3.738619097674557
10/13/2022,2022-10-13,4,3,0,7,4.553964323255918
10/18/2022,2022-10-18,4,5,0,9,5.665473242441938
10/20/2022,2022-10-20,1,0,0,1,4.499104931831453
10/21/2022,2022-10-21,0,2,0,2,3.8743286988735894
10/26/2022,2022-10-26,2,2,0,4,3.9057465241551923
10/27/2022,2022-10-27,1,0,0,1,3.179309893116394
10/28/2022,2022-10-28,2,0,0,2,2.8844824198372954
11/01/2022,2022-11-01,2,4,0,6,3.663361814877972
11/05/2022,2022-11-05,1,2,0,3,3.497521361158479
11/08/2022,2022-11-08,7,0,0,7,4.37314102086886
11/09/2022,2022-11-09,0,1,0,1,3.5298557656516447
11/11/2022,2022-11-11,2,2,0,4,3.6473918242387335
11/14/2022,2022-11-14,1,1,0,2,3.2355438681790503
11/15/2022,2022-11-15,1,0,0,1,2.6766579011342873
11/17/2022,2022-11-17,1,2,0,3,2.7574934258507153
11/18/2022,2022-11-18,1,1,0,2,2.568120069388036
11/20/2022,2022-11-20,1,1,0,2,2.426090052041027
11/22/2022,2022-11-22,10,1,0,11,4.56956753903077
11/28/2022,2022-11-28,1,2,0,3,4.177175654273078
11/29/2022,2022-11-29,2,0,0,2,3.632881740704808
12/02/2022,2022-12-02,0,1,0,1,2.9746613055286057
12/04/2022,2022-12-04,1,0,0,1,2.480995979146454
12/05/2022,2022-12-05,1,0,0,1,2.1107469843598405
12/08/2022,2022-12-08,0,3,0,3,2.3330602382698804
12/20/2022,2022-12-20,3,3,0,6,3.249795178702411
01/04/2023,2023-01-04,1,0,0,1,2.687346384026808
01/10/2023,2023-01-10,2,1,0,3,2.765509788020106
01/16/2023,2023-01-16,1,2,0,3,2.8241323410150794
01/19/2023,2023-01-19,1,1,0,2,2.6180992557613094
01/27/2023,2023-01-27,0,3,0,3,2.713574441820982
02/02/2023,2023-02-02,2,2,0,4,3.0351808313657367
02/09/2023,2023-02-09,2,1,0,3,3.0263856235243027
02/16/2023,2023-02-16,0,1,0,1,2.519789217643227
02/17/2023,2023-02-17,0,3,0,3,2.63984191323242
02/27/2023,2023-02-27,0,2,0,2,2.4798814349243146
03/08/2023,2023-03-08,0,5,0,5,3.109911076193236
03/10/2023,2023-03-10,0,2,0,2,2.832433307144927
03/17/2023,2023-03-17,0,1,0,1,2.3743249803586948
03/22/2023,2023-03-22,0,2,0,2,2.280743735269021
03/24/2023,2023-03-24,0,1,0,1,1.9605578014517657
03/29/2023,2023-03-29,1,1,0,2,1.9704183510888242
04/11/2023,2023-04-11,0,3,0,3,2.227813763316618
04/18/2023,2023-04-18,0,2,0,2,2.1708603224874636
05/01/2023,2023-05-01,0,2,0,2,2.1281452418655977
05/10/2023,2023-05-10,1,3,0,4,2.5961089313991983
05/16/2023,2023-05-16,2,4,0,6,3.447081698549399
05/23/2023,2023-05-23,0,1,0,1,2.835311273912049
06/05/2023,2023-06-05,0,2,0,2,2.6264834554340366
06/13/2023,2023-06-13,0,3,0,3,2.7198625915755272
06/23/2023,2023-06-23,0,2,0,2,2.5398969436816454
07/05/2023,2023-07-05,0,1,0,1,2.154922707761234
08/01/2023,2023-08-01,1,0,0,1,1.8661920308209254
08/10/2023,2023-08-10,1,0,0,1,1.6496440231156941
08/28/2023,2023-08-28,1,0,0,1,1.4872330173367705
09/01/2023,2023-09-01,4,3,0,7,2.865424763002578
09/08/2023,2023-09-08,6,2,0,8,4.149068572251934
09/09/2023,2023-09-09,1,0,0,1,3.36180142918895
09/12/2023,2023-09-12,2,1,0,3,3.2713510718917127
09/13/2023,2023-09-13,1,0,0,1,2.7035133039187844
09/14/2023,2023-09-14,0,2,0,2,2.5276349779390883
09/18/2023,2023-09-18,6,4,0,10,4.395726233454316
09/24/2023,2023-09-24,2,0,0,2,3.796794675090737
09/26/2023,2023-09-26,7,0,0,7,4.597596006318052
09/30/2023,2023-09-30,5,3,0,8,5.448197004738539
10/02/2023,2023-10-02,1,0,0,1,4.336147753553904
10/03/2023,2023-10-03,3,3,0,6,4.752110815165428
10/05/2023,2023-10-05,2,0,0,2,4.06408311137407
10/06/2023,2023-10-06,0,1,0,1,3.2980623335305523
10/09/2023,2023-10-09,3,0,0,3,3.2235467501479143
10/12/2023,2023-10-12,3,0,0,3,3.1676600626109357
10/16/2023,2023-10-16,2,0,0,2,2.8757450469582015
10/19/2023,2023-10-19,2,0,0,2,2.656808785218651
10/20/2023,2023-10-20,1,0,0,1,2.2426065889139877
10/22/2023,2023-10-22,4,1,0,5,2.9319549416854906
10/30/2023,2023-10-30,8,0,0,8,4.198966206264118
11/07/2023,2023-11-07,7,6,0,13,6.39922465469809
11/08/2023,2023-11-08,0,1,0,1,5.049418491023567
11/13/2023,2023-11-13,7,2,0,9,6.037063868267676
11/17/2023,2023-11-17,0,1,0,1,4.777797901200756
11/27/2023,2023-11-27,4,0,0,4,4.583348425900567
11/30/2023,2023-11-30,1,0,0,1,3.6875113194254254
12/04/2023,2023-12-04,2,0,0,2,3.265633489569069
12/12/2023,2023-12-12,1,0,0,1,2.6992251171768014
12/13/2023,2023-12-13,4,2,0,6,3.5244188378826014
12/19/2023,2023-12-19,3,2,0,5,3.893314128411951
01/02/2024,2024-01-02,1,0,0,1,3.169985596308963
01/05/2024,2024-01-05,0,2,0,2,2.8774891972317223
01/10/2024,2024-01-10,2,3,0,5,3.408116897923792
01/15/2024,2024-01-15,1,1,0,2,3.056087673442844
01/24/2024,2024-01-24,3,3,0,6,3.7920657550821333
01/29/2024,2024-01-29,1,0,0,1,3.0940493163116
02/08/2024,2024-02-08,0,3,0,3,3.0705369872337003
02/15/2024,2024-02-15,4,3,0,7,4.052902740425275
02/21/2024,2024-02-21,0,1,0,1,3.2896770553189563
03/11/2024,2024-03-11,1,11,0,12,5.467257791489217
03/25/2024,2024-03-25,0,1,0,1,4.350443343616913
03/26/2024,2024-03-26,0,1,0,1,3.5128325077126847
04/02/2024,2024-04-02,0,3,0,3,3.3846243807845138
04/14/2024,2024-04-14,0,2,0,2,3.0384682855883853
04/18/2024,2024-04-18,0,4,0,4,3.278851214191289
04/25/2024,2024-04-25,0,1,0,1,2.7091384106434666
04/30/2024,2024-04-30,0,1,0,1,2.2818538079826
05/09/2024,2024-05-09,0,1,0,1,1.9613903559869499
05/30/2024,2024-05-30,1,4,0,5,2.7210427669902124
06/05/2024,2024-06-05,0,1,0,1,2.2907820752426593
06/26/2024,2024-06-26,1,0,0,1,1.9680865564319945
08/20/2024,2024-08-20,9,5,0,14,4.976064917323996
08/24/2024,2024-08-24,0,1,0,1,3.982048687992997
08/26/2024,2024-08-26,1,1,0,2,3.486536515994748
09/02/2024,2024-09-02,1,0,0,1,2.864902386996061
09/05/2024,2024-09-05,3,0,0,3,2.8986767902470456
09/09/2024,2024-09-09,7,1,0,8,4.174007592685284
09/12/2024,2024-09-12,7,1,0,8,5.130505694513963
09/16/2024,2024-09-16,2,1,0,3,4.597879270885472
09/17/2024,2024-09-17,1,0,0,1,3.698409453164104
09/19/2024,2024-09-19,1,1,0,2,3.273807089873078
09/20/2024,2024-09-20,7,0,0,7,4.205355317404808
09/23/2024,2024-09-23,1,0,0,1,3.404016488053606
09/24/2024,2024-09-24,1,0,0,1,2.803012366040204
09/25/2024,2024-09-25,3,0,0,3,2.852259274530153
10/01/2024,2024-10-01,2,4,0,6,3.639194455897615
10/02/2024,2024-10-02,0,2,0,2,3.2293958419232114
10/07/2024,2024-10-07,3,0,0,3,3.1720468814424088
10/09/2024,2024-10-09,2,2,0,4,3.3790351610818066
10/14/2024,2024-10-14,2,2,0,4,3.534276370811355
10/21/2024,2024-10-21,8,2,0,10,5.150707278108516
10/22/2024,2024-10-22,2,0,0,2,4.363030458581387
10/29/2024,2024-10-29,5,3,0,8,5.27227284393604
11/04/2024,2024-11-04,2,0,0,2,4.45420463295203
11/05/2024,2024-11-05,3,5,0,8,5.340653474714022
11/08/2024,2024-11-08,1,0,0,1,4.255490106035516
11/11/2024,2024-11-11,2,3,0,5,4.441617579526637
11/14/2024,2024-11-14,3,0,0,3,4.0812131846449775
11/18/2024,2024-11-18,0,1,0,1,3.310909888483733
11/26/2024,2024-11-26,1,1,0,2,2.9831824163627996
11/27/2024,2024-11-27,1,3,0,4,3.2373868122721
12/05/2024,2024-12-05,2,3,0,5,3.6780401092040753
12/06/2024,2024-12-06,0,1,0,1,3.0085300819030567
12/10/2024,2024-12-10,2,0,0,2,2.7563975614272924
12/11/2024,2024-12-11,0,2,0,2,2.567298171070469
12/17/2024,2024-12-17,1,1,0,2,2.4254736283028513
12/24/2024,2024-12-24,0,3,0,3,2.5691052212271384
01/16/2025,2025-01-16,1,3,0,4,2.9268289159203538
01/23/2025,2025-01-23,1,1,0,2,2.695121686940265
01/25/2025,2025-01-25,1,1,0,2,2.5213412652051987
01/30/2025,2025-01-30,0,1,0,1,2.141005948903899
02/06/2025,2025-02-06,2,5,0,7,3.3557544616779245
02/19/2025,2025-02-19,0,1,0,1,2.766815846258443
03/05/2025,2025-03-05,0,3,0,3,2.825111884693832
03/07/2025,2025-03-07,0,2,0,2,2.618833913520374
03/11/2025,2025-03-11,1,1,0,2,2.4641254351402804
03/21/2025,2025-03-21,1,2,0,3,2.5980940763552103
04/03/2025,2025-04-03,0,1,0,1,2.198570557266408
04/08/2025,2025-04-08,1,2,0,3,2.398927917949806
08/26/2025,2025-08-26,3,0,0,3,2.5491959384623546
09/04/2025,2025-09-04,1,0,0,1,2.161896953846766
09/05/2025,2025-09-05,1,0,0,1,1.8714227153850744
09/08/2025,2025-09-08,1,0,0,1,1.6535670365388058
09/10/2025,2025-09-10,2,0,0,2,1.7401752774041044
09/12/2025,2025-09-12,2,0,0,2,1.8051314580530784
09/16/2025,2025-09-16,2,0,0,2,1.8538485935398088
09/18/2025,2025-09-18,1,0,0,1,1.6403864451548567
09/24/2025,2025-09-24,4,0,0,4,2.2302898338661428
