date,datetimeObj,type,posts
09/15/2012,2012-09-15,TT,0
09/15/2012,2012-09-15,NTT,1
09/15/2012,2012-09-15,Unavailable,0
01/15/2013,2013-01-15,TT,0
01/15/2013,2013-01-15,NTT,1
01/15/2013,2013-01-15,Unavailable,0
01/20/2013,2013-01-20,TT,0
01/20/2013,2013-01-20,NTT,1
01/20/2013,2013-01-20,Unavailable,0
01/23/2013,2013-01-23,TT,2
01/23/2013,2013-01-23,NTT,0
01/23/2013,2013-01-23,Unavailable,0
01/24/2013,2013-01-24,TT,1
01/24/2013,2013-01-24,NTT,0
01/24/2013,2013-01-24,Unavailable,0
01/28/2013,2013-01-28,TT,1
01/28/2013,2013-01-28,NTT,1
01/28/2013,2013-01-28,Unavailable,0
02/01/2013,2013-02-01,TT,1
02/01/2013,2013-02-01,NTT,0
02/01/2013,2013-02-01,Unavailable,0
02/03/2013,2013-02-03,TT,0
02/03/2013,2013-02-03,NTT,1
02/03/2013,2013-02-03,Unavailable,0
02/04/2013,2013-02-04,TT,1
02/04/2013,2013-02-04,NTT,0
02/04/2013,2013-02-04,Unavailable,0
02/13/2013,2013-02-13,TT,0
02/13/2013,2013-02-13,NTT,1
02/13/2013,2013-02-13,Unavailable,0
08/15/2013,2013-08-15,TT,3
08/15/2013,2013-08-15,NTT,0
08/15/2013,2013-08-15,Unavailable,0
08/16/2013,2013-08-16,TT,2
08/16/2013,2013-08-16,NTT,0
08/16/2013,2013-08-16,Unavailable,0
08/19/2013,2013-08-19,TT,0
08/19/2013,2013-08-19,NTT,1
08/19/2013,2013-08-19,Unavailable,0
08/21/2013,2013-08-21,TT,2
08/21/2013,2013-08-21,NTT,0
08/21/2013,2013-08-21,Unavailable,0
08/23/2013,2013-08-23,TT,1
08/23/2013,2013-08-23,NTT,0
08/23/2013,2013-08-23,Unavailable,0
08/26/2013,2013-08-26,TT,1
08/26/2013,2013-08-26,NTT,1
08/26/2013,2013-08-26,Unavailable,0
08/27/2013,2013-08-27,TT,1
08/27/2013,2013-08-27,NTT,0
08/27/2013,2013-08-27,Unavailable,0
08/28/2013,2013-08-28,TT,1
08/28/2013,2013-08-28,NTT,0
08/28/2013,2013-08-28,Unavailable,0
08/30/2013,2013-08-30,TT,2
08/30/2013,2013-08-30,NTT,1
08/30/2013,2013-08-30,Unavailable,0
09/01/2013,2013-09-01,TT,3
09/01/2013,2013-09-01,NTT,0
09/01/2013,2013-09-01,Unavailable,0
09/02/2013,2013-09-02,TT,1
09/02/2013,2013-09-02,NTT,0
09/02/2013,2013-09-02,Unavailable,0
09/03/2013,2013-09-03,TT,5
09/03/2013,2013-09-03,NTT,0
09/03/2013,2013-09-03,Unavailable,0
09/04/2013,2013-09-04,TT,2
09/04/2013,2013-09-04,NTT,0
09/04/2013,2013-09-04,Unavailable,0
09/05/2013,2013-09-05,TT,1
09/05/2013,2013-09-05,NTT,0
09/05/2013,2013-09-05,Unavailable,0
09/06/2013,2013-09-06,TT,9
09/06/2013,2013-09-06,NTT,0
09/06/2013,2013-09-06,Unavailable,0
09/08/2013,2013-09-08,TT,1
09/08/2013,2013-09-08,NTT,0
09/08/2013,2013-09-08,Unavailable,0
09/09/2013,2013-09-09,TT,3
09/09/2013,2013-09-09,NTT,3
09/09/2013,2013-09-09,Unavailable,1
09/10/2013,2013-09-10,TT,3
09/10/2013,2013-09-10,NTT,1
09/10/2013,2013-09-10,Unavailable,0
09/11/2013,2013-09-11,TT,1
09/11/2013,2013-09-11,NTT,0
09/11/2013,2013-09-11,Unavailable,0
09/12/2013,2013-09-12,TT,0
09/12/2013,2013-09-12,NTT,1
09/12/2013,2013-09-12,Unavailable,0
09/13/2013,2013-09-13,TT,4
09/13/2013,2013-09-13,NTT,1
09/13/2013,2013-09-13,Unavailable,0
09/14/2013,2013-09-14,TT,3
09/14/2013,2013-09-14,NTT,0
09/14/2013,2013-09-14,Unavailable,0
09/15/2013,2013-09-15,TT,2
09/15/2013,2013-09-15,NTT,1
09/15/2013,2013-09-15,Unavailable,0
09/16/2013,2013-09-16,TT,4
09/16/2013,2013-09-16,NTT,0
09/16/2013,2013-09-16,Unavailable,0
09/17/2013,2013-09-17,TT,1
09/17/2013,2013-09-17,NTT,2
09/17/2013,2013-09-17,Unavailable,0
09/18/2013,2013-09-18,TT,3
09/18/2013,2013-09-18,NTT,0
09/18/2013,2013-09-18,Unavailable,0
09/19/2013,2013-09-19,TT,3
09/19/2013,2013-09-19,NTT,0
09/19/2013,2013-09-19,Unavailable,0
09/20/2013,2013-09-20,TT,6
09/20/2013,2013-09-20,NTT,0
09/20/2013,2013-09-20,Unavailable,0
09/23/2013,2013-09-23,TT,3
09/23/2013,2013-09-23,NTT,0
09/23/2013,2013-09-23,Unavailable,0
09/24/2013,2013-09-24,TT,1
09/24/2013,2013-09-24,NTT,0
09/24/2013,2013-09-24,Unavailable,0
09/25/2013,2013-09-25,TT,1
09/25/2013,2013-09-25,NTT,1
09/25/2013,2013-09-25,Unavailable,0
09/26/2013,2013-09-26,TT,1
09/26/2013,2013-09-26,NTT,0
09/26/2013,2013-09-26,Unavailable,0
09/27/2013,2013-09-27,TT,0
09/27/2013,2013-09-27,NTT,2
09/27/2013,2013-09-27,Unavailable,0
09/30/2013,2013-09-30,TT,3
09/30/2013,2013-09-30,NTT,0
09/30/2013,2013-09-30,Unavailable,0
10/01/2013,2013-10-01,TT,3
10/01/2013,2013-10-01,NTT,0
10/01/2013,2013-10-01,Unavailable,0
10/02/2013,2013-10-02,TT,3
10/02/2013,2013-10-02,NTT,0
10/02/2013,2013-10-02,Unavailable,0
10/03/2013,2013-10-03,TT,1
10/03/2013,2013-10-03,NTT,1
10/03/2013,2013-10-03,Unavailable,1
10/04/2013,2013-10-04,TT,3
10/04/2013,2013-10-04,NTT,1
10/04/2013,2013-10-04,Unavailable,0
10/07/2013,2013-10-07,TT,3
10/07/2013,2013-10-07,NTT,1
10/07/2013,2013-10-07,Unavailable,0
10/08/2013,2013-10-08,TT,3
10/08/2013,2013-10-08,NTT,2
10/08/2013,2013-10-08,Unavailable,0
10/09/2013,2013-10-09,TT,3
10/09/2013,2013-10-09,NTT,0
10/09/2013,2013-10-09,Unavailable,0
10/10/2013,2013-10-10,TT,1
10/10/2013,2013-10-10,NTT,1
10/10/2013,2013-10-10,Unavailable,0
10/11/2013,2013-10-11,TT,3
10/11/2013,2013-10-11,NTT,1
10/11/2013,2013-10-11,Unavailable,0
10/12/2013,2013-10-12,TT,1
10/12/2013,2013-10-12,NTT,0
10/12/2013,2013-10-12,Unavailable,0
10/14/2013,2013-10-14,TT,1
10/14/2013,2013-10-14,NTT,0
10/14/2013,2013-10-14,Unavailable,0
10/15/2013,2013-10-15,TT,3
10/15/2013,2013-10-15,NTT,1
10/15/2013,2013-10-15,Unavailable,0
10/16/2013,2013-10-16,TT,2
10/16/2013,2013-10-16,NTT,0
10/16/2013,2013-10-16,Unavailable,0
10/17/2013,2013-10-17,TT,2
10/17/2013,2013-10-17,NTT,0
10/17/2013,2013-10-17,Unavailable,0
10/18/2013,2013-10-18,TT,1
10/18/2013,2013-10-18,NTT,1
10/18/2013,2013-10-18,Unavailable,0
10/21/2013,2013-10-21,TT,2
10/21/2013,2013-10-21,NTT,2
10/21/2013,2013-10-21,Unavailable,0
10/22/2013,2013-10-22,TT,4
10/22/2013,2013-10-22,NTT,1
10/22/2013,2013-10-22,Unavailable,0
10/23/2013,2013-10-23,TT,1
10/23/2013,2013-10-23,NTT,0
10/23/2013,2013-10-23,Unavailable,0
10/24/2013,2013-10-24,TT,0
10/24/2013,2013-10-24,NTT,2
10/24/2013,2013-10-24,Unavailable,0
10/25/2013,2013-10-25,TT,2
10/25/2013,2013-10-25,NTT,0
10/25/2013,2013-10-25,Unavailable,0
10/27/2013,2013-10-27,TT,1
10/27/2013,2013-10-27,NTT,0
10/27/2013,2013-10-27,Unavailable,0
10/28/2013,2013-10-28,TT,1
10/28/2013,2013-10-28,NTT,0
10/28/2013,2013-10-28,Unavailable,0
10/29/2013,2013-10-29,TT,6
10/29/2013,2013-10-29,NTT,1
10/29/2013,2013-10-29,Unavailable,0
10/31/2013,2013-10-31,TT,1
10/31/2013,2013-10-31,NTT,1
10/31/2013,2013-10-31,Unavailable,0
11/01/2013,2013-11-01,TT,4
11/01/2013,2013-11-01,NTT,2
11/01/2013,2013-11-01,Unavailable,0
11/03/2013,2013-11-03,TT,0
11/03/2013,2013-11-03,NTT,0
11/03/2013,2013-11-03,Unavailable,1
11/04/2013,2013-11-04,TT,3
11/04/2013,2013-11-04,NTT,0
11/04/2013,2013-11-04,Unavailable,0
11/05/2013,2013-11-05,TT,1
11/05/2013,2013-11-05,NTT,0
11/05/2013,2013-11-05,Unavailable,0
11/06/2013,2013-11-06,TT,4
11/06/2013,2013-11-06,NTT,0
11/06/2013,2013-11-06,Unavailable,0
11/07/2013,2013-11-07,TT,4
11/07/2013,2013-11-07,NTT,1
11/07/2013,2013-11-07,Unavailable,0
11/08/2013,2013-11-08,TT,1
11/08/2013,2013-11-08,NTT,0
11/08/2013,2013-11-08,Unavailable,0
11/10/2013,2013-11-10,TT,1
11/10/2013,2013-11-10,NTT,0
11/10/2013,2013-11-10,Unavailable,0
11/11/2013,2013-11-11,TT,4
11/11/2013,2013-11-11,NTT,0
11/11/2013,2013-11-11,Unavailable,0
11/12/2013,2013-11-12,TT,1
11/12/2013,2013-11-12,NTT,2
11/12/2013,2013-11-12,Unavailable,0
11/14/2013,2013-11-14,TT,1
11/14/2013,2013-11-14,NTT,0
11/14/2013,2013-11-14,Unavailable,0
11/15/2013,2013-11-15,TT,4
11/15/2013,2013-11-15,NTT,1
11/15/2013,2013-11-15,Unavailable,0
11/18/2013,2013-11-18,TT,2
11/18/2013,2013-11-18,NTT,0
11/18/2013,2013-11-18,Unavailable,0
11/19/2013,2013-11-19,TT,6
11/19/2013,2013-11-19,NTT,1
11/19/2013,2013-11-19,Unavailable,0
11/20/2013,2013-11-20,TT,0
11/20/2013,2013-11-20,NTT,1
11/20/2013,2013-11-20,Unavailable,0
11/21/2013,2013-11-21,TT,1
11/21/2013,2013-11-21,NTT,0
11/21/2013,2013-11-21,Unavailable,0
11/22/2013,2013-11-22,TT,0
11/22/2013,2013-11-22,NTT,1
11/22/2013,2013-11-22,Unavailable,0
11/23/2013,2013-11-23,TT,1
11/23/2013,2013-11-23,NTT,0
11/23/2013,2013-11-23,Unavailable,0
11/25/2013,2013-11-25,TT,1
11/25/2013,2013-11-25,NTT,1
11/25/2013,2013-11-25,Unavailable,0
11/27/2013,2013-11-27,TT,2
11/27/2013,2013-11-27,NTT,0
11/27/2013,2013-11-27,Unavailable,0
12/02/2013,2013-12-02,TT,2
12/02/2013,2013-12-02,NTT,0
12/02/2013,2013-12-02,Unavailable,0
12/04/2013,2013-12-04,TT,2
12/04/2013,2013-12-04,NTT,0
12/04/2013,2013-12-04,Unavailable,0
12/09/2013,2013-12-09,TT,3
12/09/2013,2013-12-09,NTT,0
12/09/2013,2013-12-09,Unavailable,0
12/10/2013,2013-12-10,TT,1
12/10/2013,2013-12-10,NTT,1
12/10/2013,2013-12-10,Unavailable,0
12/11/2013,2013-12-11,TT,2
12/11/2013,2013-12-11,NTT,0
12/11/2013,2013-12-11,Unavailable,0
12/12/2013,2013-12-12,TT,1
12/12/2013,2013-12-12,NTT,2
12/12/2013,2013-12-12,Unavailable,0
12/13/2013,2013-12-13,TT,1
12/13/2013,2013-12-13,NTT,0
12/13/2013,2013-12-13,Unavailable,0
12/16/2013,2013-12-16,TT,0
12/16/2013,2013-12-16,NTT,1
12/16/2013,2013-12-16,Unavailable,0
12/18/2013,2013-12-18,TT,2
12/18/2013,2013-12-18,NTT,0
12/18/2013,2013-12-18,Unavailable,0
12/19/2013,2013-12-19,TT,0
12/19/2013,2013-12-19,NTT,1
12/19/2013,2013-12-19,Unavailable,0
12/22/2013,2013-12-22,TT,1
12/22/2013,2013-12-22,NTT,0
12/22/2013,2013-12-22,Unavailable,0
12/26/2013,2013-12-26,TT,0
12/26/2013,2013-12-26,NTT,2
12/26/2013,2013-12-26,Unavailable,0
01/01/2014,2014-01-01,TT,0
01/01/2014,2014-01-01,NTT,1
01/01/2014,2014-01-01,Unavailable,0
01/03/2014,2014-01-03,TT,0
01/03/2014,2014-01-03,NTT,1
01/03/2014,2014-01-03,Unavailable,0
01/06/2014,2014-01-06,TT,3
01/06/2014,2014-01-06,NTT,0
01/06/2014,2014-01-06,Unavailable,0
01/09/2014,2014-01-09,TT,0
01/09/2014,2014-01-09,NTT,1
01/09/2014,2014-01-09,Unavailable,0
01/13/2014,2014-01-13,TT,0
01/13/2014,2014-01-13,NTT,1
01/13/2014,2014-01-13,Unavailable,0
01/14/2014,2014-01-14,TT,0
01/14/2014,2014-01-14,NTT,1
01/14/2014,2014-01-14,Unavailable,0
01/17/2014,2014-01-17,TT,1
01/17/2014,2014-01-17,NTT,1
01/17/2014,2014-01-17,Unavailable,0
01/27/2014,2014-01-27,TT,1
01/27/2014,2014-01-27,NTT,0
01/27/2014,2014-01-27,Unavailable,0
02/01/2014,2014-02-01,TT,0
02/01/2014,2014-02-01,NTT,1
02/01/2014,2014-02-01,Unavailable,0
02/04/2014,2014-02-04,TT,1
02/04/2014,2014-02-04,NTT,0
02/04/2014,2014-02-04,Unavailable,0
02/06/2014,2014-02-06,TT,2
02/06/2014,2014-02-06,NTT,0
02/06/2014,2014-02-06,Unavailable,0
02/07/2014,2014-02-07,TT,1
02/07/2014,2014-02-07,NTT,1
02/07/2014,2014-02-07,Unavailable,0
02/11/2014,2014-02-11,TT,0
02/11/2014,2014-02-11,NTT,1
02/11/2014,2014-02-11,Unavailable,0
02/12/2014,2014-02-12,TT,0
02/12/2014,2014-02-12,NTT,1
02/12/2014,2014-02-12,Unavailable,0
02/14/2014,2014-02-14,TT,0
02/14/2014,2014-02-14,NTT,2
02/14/2014,2014-02-14,Unavailable,0
02/15/2014,2014-02-15,TT,0
02/15/2014,2014-02-15,NTT,1
02/15/2014,2014-02-15,Unavailable,0
02/20/2014,2014-02-20,TT,3
02/20/2014,2014-02-20,NTT,0
02/20/2014,2014-02-20,Unavailable,0
02/21/2014,2014-02-21,TT,2
02/21/2014,2014-02-21,NTT,1
02/21/2014,2014-02-21,Unavailable,0
02/24/2014,2014-02-24,TT,1
02/24/2014,2014-02-24,NTT,0
02/24/2014,2014-02-24,Unavailable,0
02/26/2014,2014-02-26,TT,0
02/26/2014,2014-02-26,NTT,1
02/26/2014,2014-02-26,Unavailable,0
02/27/2014,2014-02-27,TT,1
02/27/2014,2014-02-27,NTT,0
02/27/2014,2014-02-27,Unavailable,0
02/28/2014,2014-02-28,TT,2
02/28/2014,2014-02-28,NTT,0
02/28/2014,2014-02-28,Unavailable,0
03/03/2014,2014-03-03,TT,1
03/03/2014,2014-03-03,NTT,2
03/03/2014,2014-03-03,Unavailable,0
03/04/2014,2014-03-04,TT,0
03/04/2014,2014-03-04,NTT,1
03/04/2014,2014-03-04,Unavailable,0
03/06/2014,2014-03-06,TT,1
03/06/2014,2014-03-06,NTT,0
03/06/2014,2014-03-06,Unavailable,0
03/07/2014,2014-03-07,TT,0
03/07/2014,2014-03-07,NTT,1
03/07/2014,2014-03-07,Unavailable,0
03/10/2014,2014-03-10,TT,1
03/10/2014,2014-03-10,NTT,2
03/10/2014,2014-03-10,Unavailable,0
03/12/2014,2014-03-12,TT,0
03/12/2014,2014-03-12,NTT,4
03/12/2014,2014-03-12,Unavailable,0
03/14/2014,2014-03-14,TT,0
03/14/2014,2014-03-14,NTT,1
03/14/2014,2014-03-14,Unavailable,0
03/18/2014,2014-03-18,TT,2
03/18/2014,2014-03-18,NTT,0
03/18/2014,2014-03-18,Unavailable,0
03/25/2014,2014-03-25,TT,0
03/25/2014,2014-03-25,NTT,3
03/25/2014,2014-03-25,Unavailable,0
03/26/2014,2014-03-26,TT,1
03/26/2014,2014-03-26,NTT,1
03/26/2014,2014-03-26,Unavailable,0
03/31/2014,2014-03-31,TT,0
03/31/2014,2014-03-31,NTT,1
03/31/2014,2014-03-31,Unavailable,0
04/01/2014,2014-04-01,TT,1
04/01/2014,2014-04-01,NTT,0
04/01/2014,2014-04-01,Unavailable,0
04/02/2014,2014-04-02,TT,0
04/02/2014,2014-04-02,NTT,2
04/02/2014,2014-04-02,Unavailable,0
04/07/2014,2014-04-07,TT,0
04/07/2014,2014-04-07,NTT,1
04/07/2014,2014-04-07,Unavailable,0
04/09/2014,2014-04-09,TT,0
04/09/2014,2014-04-09,NTT,2
04/09/2014,2014-04-09,Unavailable,0
04/15/2014,2014-04-15,TT,0
04/15/2014,2014-04-15,NTT,1
04/15/2014,2014-04-15,Unavailable,0
04/17/2014,2014-04-17,TT,0
04/17/2014,2014-04-17,NTT,1
04/17/2014,2014-04-17,Unavailable,0
04/22/2014,2014-04-22,TT,0
04/22/2014,2014-04-22,NTT,1
04/22/2014,2014-04-22,Unavailable,0
04/25/2014,2014-04-25,TT,1
04/25/2014,2014-04-25,NTT,1
04/25/2014,2014-04-25,Unavailable,0
04/28/2014,2014-04-28,TT,0
04/28/2014,2014-04-28,NTT,1
04/28/2014,2014-04-28,Unavailable,0
05/16/2014,2014-05-16,TT,1
05/16/2014,2014-05-16,NTT,0
05/16/2014,2014-05-16,Unavailable,0
05/19/2014,2014-05-19,TT,0
05/19/2014,2014-05-19,NTT,1
05/19/2014,2014-05-19,Unavailable,0
05/21/2014,2014-05-21,TT,1
05/21/2014,2014-05-21,NTT,0
05/21/2014,2014-05-21,Unavailable,0
05/30/2014,2014-05-30,TT,1
05/30/2014,2014-05-30,NTT,0
05/30/2014,2014-05-30,Unavailable,0
06/01/2014,2014-06-01,TT,0
06/01/2014,2014-06-01,NTT,1
06/01/2014,2014-06-01,Unavailable,0
06/11/2014,2014-06-11,TT,0
06/11/2014,2014-06-11,NTT,1
06/11/2014,2014-06-11,Unavailable,0
06/13/2014,2014-06-13,TT,0
06/13/2014,2014-06-13,NTT,1
06/13/2014,2014-06-13,Unavailable,0
06/24/2014,2014-06-24,TT,0
06/24/2014,2014-06-24,NTT,1
06/24/2014,2014-06-24,Unavailable,0
07/01/2014,2014-07-01,TT,2
07/01/2014,2014-07-01,NTT,0
07/01/2014,2014-07-01,Unavailable,0
07/09/2014,2014-07-09,TT,0
07/09/2014,2014-07-09,NTT,1
07/09/2014,2014-07-09,Unavailable,0
08/11/2014,2014-08-11,TT,3
08/11/2014,2014-08-11,NTT,0
08/11/2014,2014-08-11,Unavailable,0
08/14/2014,2014-08-14,TT,1
08/14/2014,2014-08-14,NTT,0
08/14/2014,2014-08-14,Unavailable,0
08/18/2014,2014-08-18,TT,0
08/18/2014,2014-08-18,NTT,1
08/18/2014,2014-08-18,Unavailable,0
08/20/2014,2014-08-20,TT,2
08/20/2014,2014-08-20,NTT,0
08/20/2014,2014-08-20,Unavailable,0
08/21/2014,2014-08-21,TT,2
08/21/2014,2014-08-21,NTT,0
08/21/2014,2014-08-21,Unavailable,0
08/23/2014,2014-08-23,TT,1
08/23/2014,2014-08-23,NTT,0
08/23/2014,2014-08-23,Unavailable,0
08/26/2014,2014-08-26,TT,0
08/26/2014,2014-08-26,NTT,2
08/26/2014,2014-08-26,Unavailable,0
08/27/2014,2014-08-27,TT,2
08/27/2014,2014-08-27,NTT,0
08/27/2014,2014-08-27,Unavailable,0
08/28/2014,2014-08-28,TT,1
08/28/2014,2014-08-28,NTT,0
08/28/2014,2014-08-28,Unavailable,0
09/01/2014,2014-09-01,TT,6
09/01/2014,2014-09-01,NTT,2
09/01/2014,2014-09-01,Unavailable,0
09/02/2014,2014-09-02,TT,2
09/02/2014,2014-09-02,NTT,0
09/02/2014,2014-09-02,Unavailable,0
09/03/2014,2014-09-03,TT,8
09/03/2014,2014-09-03,NTT,5
09/03/2014,2014-09-03,Unavailable,0
09/04/2014,2014-09-04,TT,0
09/04/2014,2014-09-04,NTT,2
09/04/2014,2014-09-04,Unavailable,0
09/05/2014,2014-09-05,TT,3
09/05/2014,2014-09-05,NTT,0
09/05/2014,2014-09-05,Unavailable,0
09/09/2014,2014-09-09,TT,6
09/09/2014,2014-09-09,NTT,1
09/09/2014,2014-09-09,Unavailable,1
09/10/2014,2014-09-10,TT,1
09/10/2014,2014-09-10,NTT,0
09/10/2014,2014-09-10,Unavailable,0
09/12/2014,2014-09-12,TT,7
09/12/2014,2014-09-12,NTT,0
09/12/2014,2014-09-12,Unavailable,0
09/15/2014,2014-09-15,TT,3
09/15/2014,2014-09-15,NTT,1
09/15/2014,2014-09-15,Unavailable,0
09/16/2014,2014-09-16,TT,4
09/16/2014,2014-09-16,NTT,0
09/16/2014,2014-09-16,Unavailable,0
09/17/2014,2014-09-17,TT,2
09/17/2014,2014-09-17,NTT,1
09/17/2014,2014-09-17,Unavailable,0
09/18/2014,2014-09-18,TT,0
09/18/2014,2014-09-18,NTT,2
09/18/2014,2014-09-18,Unavailable,0
09/19/2014,2014-09-19,TT,1
09/19/2014,2014-09-19,NTT,1
09/19/2014,2014-09-19,Unavailable,0
09/22/2014,2014-09-22,TT,5
09/22/2014,2014-09-22,NTT,0
09/22/2014,2014-09-22,Unavailable,0
09/23/2014,2014-09-23,TT,1
09/23/2014,2014-09-23,NTT,0
09/23/2014,2014-09-23,Unavailable,0
09/24/2014,2014-09-24,TT,3
09/24/2014,2014-09-24,NTT,2
09/24/2014,2014-09-24,Unavailable,0
09/25/2014,2014-09-25,TT,1
09/25/2014,2014-09-25,NTT,0
09/25/2014,2014-09-25,Unavailable,0
09/26/2014,2014-09-26,TT,2
09/26/2014,2014-09-26,NTT,1
09/26/2014,2014-09-26,Unavailable,0
09/29/2014,2014-09-29,TT,5
09/29/2014,2014-09-29,NTT,0
09/29/2014,2014-09-29,Unavailable,0
09/30/2014,2014-09-30,TT,1
09/30/2014,2014-09-30,NTT,2
09/30/2014,2014-09-30,Unavailable,0
10/01/2014,2014-10-01,TT,3
10/01/2014,2014-10-01,NTT,1
10/01/2014,2014-10-01,Unavailable,0
10/02/2014,2014-10-02,TT,1
10/02/2014,2014-10-02,NTT,0
10/02/2014,2014-10-02,Unavailable,0
10/03/2014,2014-10-03,TT,4
10/03/2014,2014-10-03,NTT,1
10/03/2014,2014-10-03,Unavailable,0
10/06/2014,2014-10-06,TT,5
10/06/2014,2014-10-06,NTT,1
10/06/2014,2014-10-06,Unavailable,0
10/07/2014,2014-10-07,TT,0
10/07/2014,2014-10-07,NTT,1
10/07/2014,2014-10-07,Unavailable,0
10/08/2014,2014-10-08,TT,1
10/08/2014,2014-10-08,NTT,1
10/08/2014,2014-10-08,Unavailable,0
10/09/2014,2014-10-09,TT,4
10/09/2014,2014-10-09,NTT,0
10/09/2014,2014-10-09,Unavailable,0
10/10/2014,2014-10-10,TT,6
10/10/2014,2014-10-10,NTT,0
10/10/2014,2014-10-10,Unavailable,0
10/13/2014,2014-10-13,TT,2
10/13/2014,2014-10-13,NTT,2
10/13/2014,2014-10-13,Unavailable,0
10/15/2014,2014-10-15,TT,2
10/15/2014,2014-10-15,NTT,1
10/15/2014,2014-10-15,Unavailable,0
10/16/2014,2014-10-16,TT,3
10/16/2014,2014-10-16,NTT,1
10/16/2014,2014-10-16,Unavailable,0
10/17/2014,2014-10-17,TT,5
10/17/2014,2014-10-17,NTT,1
10/17/2014,2014-10-17,Unavailable,0
10/19/2014,2014-10-19,TT,1
10/19/2014,2014-10-19,NTT,0
10/19/2014,2014-10-19,Unavailable,0
10/20/2014,2014-10-20,TT,2
10/20/2014,2014-10-20,NTT,1
10/20/2014,2014-10-20,Unavailable,0
10/21/2014,2014-10-21,TT,0
10/21/2014,2014-10-21,NTT,2
10/21/2014,2014-10-21,Unavailable,0
10/22/2014,2014-10-22,TT,1
10/22/2014,2014-10-22,NTT,0
10/22/2014,2014-10-22,Unavailable,0
10/23/2014,2014-10-23,TT,1
10/23/2014,2014-10-23,NTT,2
10/23/2014,2014-10-23,Unavailable,0
10/24/2014,2014-10-24,TT,3
10/24/2014,2014-10-24,NTT,2
10/24/2014,2014-10-24,Unavailable,0
10/27/2014,2014-10-27,TT,1
10/27/2014,2014-10-27,NTT,3
10/27/2014,2014-10-27,Unavailable,0
10/28/2014,2014-10-28,TT,3
10/28/2014,2014-10-28,NTT,0
10/28/2014,2014-10-28,Unavailable,0
10/29/2014,2014-10-29,TT,3
10/29/2014,2014-10-29,NTT,0
10/29/2014,2014-10-29,Unavailable,0
10/30/2014,2014-10-30,TT,0
10/30/2014,2014-10-30,NTT,1
10/30/2014,2014-10-30,Unavailable,0
10/31/2014,2014-10-31,TT,5
10/31/2014,2014-10-31,NTT,2
10/31/2014,2014-10-31,Unavailable,0
11/01/2014,2014-11-01,TT,1
11/01/2014,2014-11-01,NTT,0
11/01/2014,2014-11-01,Unavailable,0
11/03/2014,2014-11-03,TT,3
11/03/2014,2014-11-03,NTT,0
11/03/2014,2014-11-03,Unavailable,0
11/04/2014,2014-11-04,TT,2
11/04/2014,2014-11-04,NTT,0
11/04/2014,2014-11-04,Unavailable,0
11/05/2014,2014-11-05,TT,1
11/05/2014,2014-11-05,NTT,0
11/05/2014,2014-11-05,Unavailable,0
11/06/2014,2014-11-06,TT,2
11/06/2014,2014-11-06,NTT,0
11/06/2014,2014-11-06,Unavailable,0
11/07/2014,2014-11-07,TT,3
11/07/2014,2014-11-07,NTT,0
11/07/2014,2014-11-07,Unavailable,0
11/10/2014,2014-11-10,TT,1
11/10/2014,2014-11-10,NTT,0
11/10/2014,2014-11-10,Unavailable,0
11/12/2014,2014-11-12,TT,1
11/12/2014,2014-11-12,NTT,0
11/12/2014,2014-11-12,Unavailable,0
11/13/2014,2014-11-13,TT,3
11/13/2014,2014-11-13,NTT,1
11/13/2014,2014-11-13,Unavailable,0
11/14/2014,2014-11-14,TT,1
11/14/2014,2014-11-14,NTT,0
11/14/2014,2014-11-14,Unavailable,0
11/15/2014,2014-11-15,TT,0
11/15/2014,2014-11-15,NTT,1
11/15/2014,2014-11-15,Unavailable,0
11/16/2014,2014-11-16,TT,1
11/16/2014,2014-11-16,NTT,0
11/16/2014,2014-11-16,Unavailable,0
11/17/2014,2014-11-17,TT,5
11/17/2014,2014-11-17,NTT,1
11/17/2014,2014-11-17,Unavailable,0
11/18/2014,2014-11-18,TT,1
11/18/2014,2014-11-18,NTT,1
11/18/2014,2014-11-18,Unavailable,0
11/20/2014,2014-11-20,TT,2
11/20/2014,2014-11-20,NTT,2
11/20/2014,2014-11-20,Unavailable,0
11/21/2014,2014-11-21,TT,7
11/21/2014,2014-11-21,NTT,3
11/21/2014,2014-11-21,Unavailable,0
11/24/2014,2014-11-24,TT,2
11/24/2014,2014-11-24,NTT,0
11/24/2014,2014-11-24,Unavailable,0
11/25/2014,2014-11-25,TT,1
11/25/2014,2014-11-25,NTT,1
11/25/2014,2014-11-25,Unavailable,0
11/27/2014,2014-11-27,TT,1
11/27/2014,2014-11-27,NTT,0
11/27/2014,2014-11-27,Unavailable,0
12/01/2014,2014-12-01,TT,5
12/01/2014,2014-12-01,NTT,1
12/01/2014,2014-12-01,Unavailable,0
12/02/2014,2014-12-02,TT,1
12/02/2014,2014-12-02,NTT,0
12/02/2014,2014-12-02,Unavailable,0
12/05/2014,2014-12-05,TT,0
12/05/2014,2014-12-05,NTT,2
12/05/2014,2014-12-05,Unavailable,0
12/10/2014,2014-12-10,TT,1
12/10/2014,2014-12-10,NTT,1
12/10/2014,2014-12-10,Unavailable,0
12/11/2014,2014-12-11,TT,2
12/11/2014,2014-12-11,NTT,1
12/11/2014,2014-12-11,Unavailable,0
12/15/2014,2014-12-15,TT,1
12/15/2014,2014-12-15,NTT,0
12/15/2014,2014-12-15,Unavailable,0
12/17/2014,2014-12-17,TT,3
12/17/2014,2014-12-17,NTT,1
12/17/2014,2014-12-17,Unavailable,0
12/18/2014,2014-12-18,TT,1
12/18/2014,2014-12-18,NTT,1
12/18/2014,2014-12-18,Unavailable,0
12/19/2014,2014-12-19,TT,1
12/19/2014,2014-12-19,NTT,1
12/19/2014,2014-12-19,Unavailable,0
12/26/2014,2014-12-26,TT,0
12/26/2014,2014-12-26,NTT,2
12/26/2014,2014-12-26,Unavailable,0
12/30/2014,2014-12-30,TT,2
12/30/2014,2014-12-30,NTT,1
12/30/2014,2014-12-30,Unavailable,0
01/01/2015,2015-01-01,TT,0
01/01/2015,2015-01-01,NTT,1
01/01/2015,2015-01-01,Unavailable,0
01/04/2015,2015-01-04,TT,1
01/04/2015,2015-01-04,NTT,0
01/04/2015,2015-01-04,Unavailable,0
01/05/2015,2015-01-05,TT,0
01/05/2015,2015-01-05,NTT,1
01/05/2015,2015-01-05,Unavailable,0
01/06/2015,2015-01-06,TT,0
01/06/2015,2015-01-06,NTT,1
01/06/2015,2015-01-06,Unavailable,0
01/07/2015,2015-01-07,TT,1
01/07/2015,2015-01-07,NTT,1
01/07/2015,2015-01-07,Unavailable,0
01/13/2015,2015-01-13,TT,1
01/13/2015,2015-01-13,NTT,0
01/13/2015,2015-01-13,Unavailable,0
01/14/2015,2015-01-14,TT,0
01/14/2015,2015-01-14,NTT,2
01/14/2015,2015-01-14,Unavailable,0
01/15/2015,2015-01-15,TT,5
01/15/2015,2015-01-15,NTT,1
01/15/2015,2015-01-15,Unavailable,0
01/16/2015,2015-01-16,TT,1
01/16/2015,2015-01-16,NTT,0
01/16/2015,2015-01-16,Unavailable,0
01/20/2015,2015-01-20,TT,0
01/20/2015,2015-01-20,NTT,2
01/20/2015,2015-01-20,Unavailable,0
01/22/2015,2015-01-22,TT,2
01/22/2015,2015-01-22,NTT,1
01/22/2015,2015-01-22,Unavailable,0
01/28/2015,2015-01-28,TT,3
01/28/2015,2015-01-28,NTT,0
01/28/2015,2015-01-28,Unavailable,0
02/02/2015,2015-02-02,TT,1
02/02/2015,2015-02-02,NTT,0
02/02/2015,2015-02-02,Unavailable,0
02/06/2015,2015-02-06,TT,0
02/06/2015,2015-02-06,NTT,1
02/06/2015,2015-02-06,Unavailable,0
02/09/2015,2015-02-09,TT,0
02/09/2015,2015-02-09,NTT,1
02/09/2015,2015-02-09,Unavailable,0
02/10/2015,2015-02-10,TT,0
02/10/2015,2015-02-10,NTT,2
02/10/2015,2015-02-10,Unavailable,0
02/12/2015,2015-02-12,TT,1
02/12/2015,2015-02-12,NTT,0
02/12/2015,2015-02-12,Unavailable,0
02/17/2015,2015-02-17,TT,2
02/17/2015,2015-02-17,NTT,1
02/17/2015,2015-02-17,Unavailable,0
02/24/2015,2015-02-24,TT,0
02/24/2015,2015-02-24,NTT,1
02/24/2015,2015-02-24,Unavailable,0
02/25/2015,2015-02-25,TT,1
02/25/2015,2015-02-25,NTT,2
02/25/2015,2015-02-25,Unavailable,0
02/26/2015,2015-02-26,TT,0
02/26/2015,2015-02-26,NTT,1
02/26/2015,2015-02-26,Unavailable,0
02/27/2015,2015-02-27,TT,0
02/27/2015,2015-02-27,NTT,2
02/27/2015,2015-02-27,Unavailable,0
03/02/2015,2015-03-02,TT,0
03/02/2015,2015-03-02,NTT,2
03/02/2015,2015-03-02,Unavailable,0
03/03/2015,2015-03-03,TT,1
03/03/2015,2015-03-03,NTT,1
03/03/2015,2015-03-03,Unavailable,0
03/05/2015,2015-03-05,TT,0
03/05/2015,2015-03-05,NTT,2
03/05/2015,2015-03-05,Unavailable,0
03/09/2015,2015-03-09,TT,0
03/09/2015,2015-03-09,NTT,3
03/09/2015,2015-03-09,Unavailable,0
03/10/2015,2015-03-10,TT,1
03/10/2015,2015-03-10,NTT,0
03/10/2015,2015-03-10,Unavailable,0
03/13/2015,2015-03-13,TT,1
03/13/2015,2015-03-13,NTT,7
03/13/2015,2015-03-13,Unavailable,0
03/15/2015,2015-03-15,TT,1
03/15/2015,2015-03-15,NTT,0
03/15/2015,2015-03-15,Unavailable,0
03/16/2015,2015-03-16,TT,0
03/16/2015,2015-03-16,NTT,4
03/16/2015,2015-03-16,Unavailable,0
03/20/2015,2015-03-20,TT,0
03/20/2015,2015-03-20,NTT,1
03/20/2015,2015-03-20,Unavailable,0
03/30/2015,2015-03-30,TT,0
03/30/2015,2015-03-30,NTT,1
03/30/2015,2015-03-30,Unavailable,0
03/31/2015,2015-03-31,TT,0
03/31/2015,2015-03-31,NTT,1
03/31/2015,2015-03-31,Unavailable,0
04/01/2015,2015-04-01,TT,0
04/01/2015,2015-04-01,NTT,4
04/01/2015,2015-04-01,Unavailable,0
04/02/2015,2015-04-02,TT,0
04/02/2015,2015-04-02,NTT,1
04/02/2015,2015-04-02,Unavailable,0
04/08/2015,2015-04-08,TT,0
04/08/2015,2015-04-08,NTT,2
04/08/2015,2015-04-08,Unavailable,0
04/09/2015,2015-04-09,TT,1
04/09/2015,2015-04-09,NTT,1
04/09/2015,2015-04-09,Unavailable,1
04/11/2015,2015-04-11,TT,1
04/11/2015,2015-04-11,NTT,0
04/11/2015,2015-04-11,Unavailable,0
04/12/2015,2015-04-12,TT,0
04/12/2015,2015-04-12,NTT,1
04/12/2015,2015-04-12,Unavailable,0
04/13/2015,2015-04-13,TT,1
04/13/2015,2015-04-13,NTT,0
04/13/2015,2015-04-13,Unavailable,0
04/16/2015,2015-04-16,TT,1
04/16/2015,2015-04-16,NTT,2
04/16/2015,2015-04-16,Unavailable,0
04/21/2015,2015-04-21,TT,0
04/21/2015,2015-04-21,NTT,2
04/21/2015,2015-04-21,Unavailable,0
04/22/2015,2015-04-22,TT,0
04/22/2015,2015-04-22,NTT,1
04/22/2015,2015-04-22,Unavailable,0
04/28/2015,2015-04-28,TT,0
04/28/2015,2015-04-28,NTT,5
04/28/2015,2015-04-28,Unavailable,0
05/01/2015,2015-05-01,TT,0
05/01/2015,2015-05-01,NTT,6
05/01/2015,2015-05-01,Unavailable,0
05/04/2015,2015-05-04,TT,0
05/04/2015,2015-05-04,NTT,2
05/04/2015,2015-05-04,Unavailable,0
05/11/2015,2015-05-11,TT,0
05/11/2015,2015-05-11,NTT,1
05/11/2015,2015-05-11,Unavailable,0
05/27/2015,2015-05-27,TT,0
05/27/2015,2015-05-27,NTT,2
05/27/2015,2015-05-27,Unavailable,0
06/01/2015,2015-06-01,TT,0
06/01/2015,2015-06-01,NTT,3
06/01/2015,2015-06-01,Unavailable,0
06/04/2015,2015-06-04,TT,0
06/04/2015,2015-06-04,NTT,1
06/04/2015,2015-06-04,Unavailable,0
06/08/2015,2015-06-08,TT,1
06/08/2015,2015-06-08,NTT,4
06/08/2015,2015-06-08,Unavailable,0
06/17/2015,2015-06-17,TT,1
06/17/2015,2015-06-17,NTT,0
06/17/2015,2015-06-17,Unavailable,0
06/18/2015,2015-06-18,TT,0
06/18/2015,2015-06-18,NTT,1
06/18/2015,2015-06-18,Unavailable,0
06/19/2015,2015-06-19,TT,1
06/19/2015,2015-06-19,NTT,0
06/19/2015,2015-06-19,Unavailable,0
06/23/2015,2015-06-23,TT,0
06/23/2015,2015-06-23,NTT,1
06/23/2015,2015-06-23,Unavailable,0
06/24/2015,2015-06-24,TT,0
06/24/2015,2015-06-24,NTT,1
06/24/2015,2015-06-24,Unavailable,0
06/30/2015,2015-06-30,TT,0
06/30/2015,2015-06-30,NTT,2
06/30/2015,2015-06-30,Unavailable,0
08/01/2015,2015-08-01,TT,1
08/01/2015,2015-08-01,NTT,0
08/01/2015,2015-08-01,Unavailable,0
08/10/2015,2015-08-10,TT,2
08/10/2015,2015-08-10,NTT,0
08/10/2015,2015-08-10,Unavailable,0
08/12/2015,2015-08-12,TT,1
08/12/2015,2015-08-12,NTT,0
08/12/2015,2015-08-12,Unavailable,0
08/13/2015,2015-08-13,TT,0
08/13/2015,2015-08-13,NTT,1
08/13/2015,2015-08-13,Unavailable,0
08/14/2015,2015-08-14,TT,2
08/14/2015,2015-08-14,NTT,0
08/14/2015,2015-08-14,Unavailable,0
08/17/2015,2015-08-17,TT,2
08/17/2015,2015-08-17,NTT,0
08/17/2015,2015-08-17,Unavailable,0
08/18/2015,2015-08-18,TT,1
08/18/2015,2015-08-18,NTT,0
08/18/2015,2015-08-18,Unavailable,0
08/20/2015,2015-08-20,TT,3
08/20/2015,2015-08-20,NTT,0
08/20/2015,2015-08-20,Unavailable,0
08/25/2015,2015-08-25,TT,2
08/25/2015,2015-08-25,NTT,1
08/25/2015,2015-08-25,Unavailable,0
08/26/2015,2015-08-26,TT,1
08/26/2015,2015-08-26,NTT,0
08/26/2015,2015-08-26,Unavailable,0
08/27/2015,2015-08-27,TT,1
08/27/2015,2015-08-27,NTT,0
08/27/2015,2015-08-27,Unavailable,0
08/28/2015,2015-08-28,TT,3
08/28/2015,2015-08-28,NTT,0
08/28/2015,2015-08-28,Unavailable,0
08/31/2015,2015-08-31,TT,1
08/31/2015,2015-08-31,NTT,1
08/31/2015,2015-08-31,Unavailable,0
09/01/2015,2015-09-01,TT,4
09/01/2015,2015-09-01,NTT,4
09/01/2015,2015-09-01,Unavailable,0
09/02/2015,2015-09-02,TT,2
09/02/2015,2015-09-02,NTT,0
09/02/2015,2015-09-02,Unavailable,0
09/04/2015,2015-09-04,TT,3
09/04/2015,2015-09-04,NTT,0
09/04/2015,2015-09-04,Unavailable,0
09/08/2015,2015-09-08,TT,1
09/08/2015,2015-09-08,NTT,1
09/08/2015,2015-09-08,Unavailable,0
09/09/2015,2015-09-09,TT,1
09/09/2015,2015-09-09,NTT,0
09/09/2015,2015-09-09,Unavailable,0
09/11/2015,2015-09-11,TT,5
09/11/2015,2015-09-11,NTT,1
09/11/2015,2015-09-11,Unavailable,0
09/12/2015,2015-09-12,TT,1
09/12/2015,2015-09-12,NTT,0
09/12/2015,2015-09-12,Unavailable,0
09/14/2015,2015-09-14,TT,2
09/14/2015,2015-09-14,NTT,0
09/14/2015,2015-09-14,Unavailable,0
09/15/2015,2015-09-15,TT,5
09/15/2015,2015-09-15,NTT,0
09/15/2015,2015-09-15,Unavailable,0
09/16/2015,2015-09-16,TT,1
09/16/2015,2015-09-16,NTT,0
09/16/2015,2015-09-16,Unavailable,0
09/17/2015,2015-09-17,TT,2
09/17/2015,2015-09-17,NTT,0
09/17/2015,2015-09-17,Unavailable,0
09/18/2015,2015-09-18,TT,2
09/18/2015,2015-09-18,NTT,1
09/18/2015,2015-09-18,Unavailable,0
09/21/2015,2015-09-21,TT,1
09/21/2015,2015-09-21,NTT,0
09/21/2015,2015-09-21,Unavailable,0
09/22/2015,2015-09-22,TT,4
09/22/2015,2015-09-22,NTT,0
09/22/2015,2015-09-22,Unavailable,0
09/23/2015,2015-09-23,TT,5
09/23/2015,2015-09-23,NTT,0
09/23/2015,2015-09-23,Unavailable,0
09/24/2015,2015-09-24,TT,3
09/24/2015,2015-09-24,NTT,0
09/24/2015,2015-09-24,Unavailable,0
09/25/2015,2015-09-25,TT,7
09/25/2015,2015-09-25,NTT,2
09/25/2015,2015-09-25,Unavailable,0
09/26/2015,2015-09-26,TT,2
09/26/2015,2015-09-26,NTT,0
09/26/2015,2015-09-26,Unavailable,0
09/28/2015,2015-09-28,TT,2
09/28/2015,2015-09-28,NTT,0
09/28/2015,2015-09-28,Unavailable,0
09/29/2015,2015-09-29,TT,3
09/29/2015,2015-09-29,NTT,0
09/29/2015,2015-09-29,Unavailable,0
09/30/2015,2015-09-30,TT,1
09/30/2015,2015-09-30,NTT,0
09/30/2015,2015-09-30,Unavailable,0
10/01/2015,2015-10-01,TT,5
10/01/2015,2015-10-01,NTT,0
10/01/2015,2015-10-01,Unavailable,0
10/02/2015,2015-10-02,TT,4
10/02/2015,2015-10-02,NTT,2
10/02/2015,2015-10-02,Unavailable,0
10/05/2015,2015-10-05,TT,1
10/05/2015,2015-10-05,NTT,0
10/05/2015,2015-10-05,Unavailable,0
10/06/2015,2015-10-06,TT,2
10/06/2015,2015-10-06,NTT,0
10/06/2015,2015-10-06,Unavailable,0
10/07/2015,2015-10-07,TT,1
10/07/2015,2015-10-07,NTT,0
10/07/2015,2015-10-07,Unavailable,0
10/08/2015,2015-10-08,TT,3
10/08/2015,2015-10-08,NTT,3
10/08/2015,2015-10-08,Unavailable,0
10/09/2015,2015-10-09,TT,1
10/09/2015,2015-10-09,NTT,3
10/09/2015,2015-10-09,Unavailable,0
10/12/2015,2015-10-12,TT,2
10/12/2015,2015-10-12,NTT,0
10/12/2015,2015-10-12,Unavailable,0
10/13/2015,2015-10-13,TT,5
10/13/2015,2015-10-13,NTT,0
10/13/2015,2015-10-13,Unavailable,0
10/14/2015,2015-10-14,TT,2
10/14/2015,2015-10-14,NTT,0
10/14/2015,2015-10-14,Unavailable,0
10/15/2015,2015-10-15,TT,2
10/15/2015,2015-10-15,NTT,2
10/15/2015,2015-10-15,Unavailable,0
10/16/2015,2015-10-16,TT,1
10/16/2015,2015-10-16,NTT,1
10/16/2015,2015-10-16,Unavailable,0
10/19/2015,2015-10-19,TT,2
10/19/2015,2015-10-19,NTT,1
10/19/2015,2015-10-19,Unavailable,0
10/20/2015,2015-10-20,TT,3
10/20/2015,2015-10-20,NTT,0
10/20/2015,2015-10-20,Unavailable,0
10/21/2015,2015-10-21,TT,3
10/21/2015,2015-10-21,NTT,0
10/21/2015,2015-10-21,Unavailable,0
10/22/2015,2015-10-22,TT,0
10/22/2015,2015-10-22,NTT,0
10/22/2015,2015-10-22,Unavailable,1
10/23/2015,2015-10-23,TT,1
10/23/2015,2015-10-23,NTT,0
10/23/2015,2015-10-23,Unavailable,0
10/26/2015,2015-10-26,TT,1
10/26/2015,2015-10-26,NTT,1
10/26/2015,2015-10-26,Unavailable,1
10/27/2015,2015-10-27,TT,2
10/27/2015,2015-10-27,NTT,1
10/27/2015,2015-10-27,Unavailable,0
10/28/2015,2015-10-28,TT,2
10/28/2015,2015-10-28,NTT,1
10/28/2015,2015-10-28,Unavailable,0
10/29/2015,2015-10-29,TT,3
10/29/2015,2015-10-29,NTT,0
10/29/2015,2015-10-29,Unavailable,0
10/30/2015,2015-10-30,TT,1
10/30/2015,2015-10-30,NTT,0
10/30/2015,2015-10-30,Unavailable,0
11/01/2015,2015-11-01,TT,4
11/01/2015,2015-11-01,NTT,3
11/01/2015,2015-11-01,Unavailable,0
11/02/2015,2015-11-02,TT,4
11/02/2015,2015-11-02,NTT,1
11/02/2015,2015-11-02,Unavailable,0
11/03/2015,2015-11-03,TT,1
11/03/2015,2015-11-03,NTT,0
11/03/2015,2015-11-03,Unavailable,0
11/04/2015,2015-11-04,TT,3
11/04/2015,2015-11-04,NTT,0
11/04/2015,2015-11-04,Unavailable,0
11/05/2015,2015-11-05,TT,1
11/05/2015,2015-11-05,NTT,2
11/05/2015,2015-11-05,Unavailable,0
11/06/2015,2015-11-06,TT,3
11/06/2015,2015-11-06,NTT,0
11/06/2015,2015-11-06,Unavailable,0
11/09/2015,2015-11-09,TT,1
11/09/2015,2015-11-09,NTT,0
11/09/2015,2015-11-09,Unavailable,0
11/10/2015,2015-11-10,TT,0
11/10/2015,2015-11-10,NTT,1
11/10/2015,2015-11-10,Unavailable,0
11/11/2015,2015-11-11,TT,1
11/11/2015,2015-11-11,NTT,0
11/11/2015,2015-11-11,Unavailable,0
11/12/2015,2015-11-12,TT,2
11/12/2015,2015-11-12,NTT,1
11/12/2015,2015-11-12,Unavailable,0
11/13/2015,2015-11-13,TT,1
11/13/2015,2015-11-13,NTT,0
11/13/2015,2015-11-13,Unavailable,0
11/15/2015,2015-11-15,TT,1
11/15/2015,2015-11-15,NTT,0
11/15/2015,2015-11-15,Unavailable,0
11/19/2015,2015-11-19,TT,3
11/19/2015,2015-11-19,NTT,0
11/19/2015,2015-11-19,Unavailable,0
11/20/2015,2015-11-20,TT,1
11/20/2015,2015-11-20,NTT,0
11/20/2015,2015-11-20,Unavailable,0
11/21/2015,2015-11-21,TT,0
11/21/2015,2015-11-21,NTT,1
11/21/2015,2015-11-21,Unavailable,0
11/24/2015,2015-11-24,TT,0
11/24/2015,2015-11-24,NTT,1
11/24/2015,2015-11-24,Unavailable,0
11/25/2015,2015-11-25,TT,2
11/25/2015,2015-11-25,NTT,1
11/25/2015,2015-11-25,Unavailable,0
12/01/2015,2015-12-01,TT,1
12/01/2015,2015-12-01,NTT,0
12/01/2015,2015-12-01,Unavailable,0
12/04/2015,2015-12-04,TT,1
12/04/2015,2015-12-04,NTT,1
12/04/2015,2015-12-04,Unavailable,0
12/07/2015,2015-12-07,TT,2
12/07/2015,2015-12-07,NTT,0
12/07/2015,2015-12-07,Unavailable,0
12/11/2015,2015-12-11,TT,1
12/11/2015,2015-12-11,NTT,0
12/11/2015,2015-12-11,Unavailable,0
12/15/2015,2015-12-15,TT,1
12/15/2015,2015-12-15,NTT,0
12/15/2015,2015-12-15,Unavailable,0
12/16/2015,2015-12-16,TT,0
12/16/2015,2015-12-16,NTT,1
12/16/2015,2015-12-16,Unavailable,0
12/29/2015,2015-12-29,TT,2
12/29/2015,2015-12-29,NTT,0
12/29/2015,2015-12-29,Unavailable,0
01/01/2016,2016-01-01,TT,0
01/01/2016,2016-01-01,NTT,2
01/01/2016,2016-01-01,Unavailable,0
01/04/2016,2016-01-04,TT,4
01/04/2016,2016-01-04,NTT,5
01/04/2016,2016-01-04,Unavailable,0
01/06/2016,2016-01-06,TT,0
01/06/2016,2016-01-06,NTT,1
01/06/2016,2016-01-06,Unavailable,0
01/07/2016,2016-01-07,TT,1
01/07/2016,2016-01-07,NTT,0
01/07/2016,2016-01-07,Unavailable,0
01/08/2016,2016-01-08,TT,0
01/08/2016,2016-01-08,NTT,1
01/08/2016,2016-01-08,Unavailable,0
01/11/2016,2016-01-11,TT,1
01/11/2016,2016-01-11,NTT,0
01/11/2016,2016-01-11,Unavailable,0
01/12/2016,2016-01-12,TT,0
01/12/2016,2016-01-12,NTT,3
01/12/2016,2016-01-12,Unavailable,0
01/14/2016,2016-01-14,TT,1
01/14/2016,2016-01-14,NTT,0
01/14/2016,2016-01-14,Unavailable,0
01/20/2016,2016-01-20,TT,0
01/20/2016,2016-01-20,NTT,1
01/20/2016,2016-01-20,Unavailable,0
01/25/2016,2016-01-25,TT,0
01/25/2016,2016-01-25,NTT,4
01/25/2016,2016-01-25,Unavailable,0
01/26/2016,2016-01-26,TT,1
01/26/2016,2016-01-26,NTT,1
01/26/2016,2016-01-26,Unavailable,0
01/27/2016,2016-01-27,TT,1
01/27/2016,2016-01-27,NTT,0
01/27/2016,2016-01-27,Unavailable,0
01/28/2016,2016-01-28,TT,1
01/28/2016,2016-01-28,NTT,0
01/28/2016,2016-01-28,Unavailable,0
01/29/2016,2016-01-29,TT,3
01/29/2016,2016-01-29,NTT,1
01/29/2016,2016-01-29,Unavailable,0
02/01/2016,2016-02-01,TT,2
02/01/2016,2016-02-01,NTT,0
02/01/2016,2016-02-01,Unavailable,0
02/02/2016,2016-02-02,TT,0
02/02/2016,2016-02-02,NTT,2
02/02/2016,2016-02-02,Unavailable,0
02/08/2016,2016-02-08,TT,0
02/08/2016,2016-02-08,NTT,1
02/08/2016,2016-02-08,Unavailable,0
02/12/2016,2016-02-12,TT,0
02/12/2016,2016-02-12,NTT,1
02/12/2016,2016-02-12,Unavailable,0
02/17/2016,2016-02-17,TT,0
02/17/2016,2016-02-17,NTT,1
02/17/2016,2016-02-17,Unavailable,0
02/24/2016,2016-02-24,TT,1
02/24/2016,2016-02-24,NTT,1
02/24/2016,2016-02-24,Unavailable,0
02/26/2016,2016-02-26,TT,1
02/26/2016,2016-02-26,NTT,0
02/26/2016,2016-02-26,Unavailable,0
02/29/2016,2016-02-29,TT,0
02/29/2016,2016-02-29,NTT,5
02/29/2016,2016-02-29,Unavailable,0
03/01/2016,2016-03-01,TT,1
03/01/2016,2016-03-01,NTT,0
03/01/2016,2016-03-01,Unavailable,0
03/04/2016,2016-03-04,TT,2
03/04/2016,2016-03-04,NTT,2
03/04/2016,2016-03-04,Unavailable,0
03/08/2016,2016-03-08,TT,0
03/08/2016,2016-03-08,NTT,1
03/08/2016,2016-03-08,Unavailable,0
03/09/2016,2016-03-09,TT,1
03/09/2016,2016-03-09,NTT,0
03/09/2016,2016-03-09,Unavailable,0
03/15/2016,2016-03-15,TT,0
03/15/2016,2016-03-15,NTT,2
03/15/2016,2016-03-15,Unavailable,0
03/29/2016,2016-03-29,TT,0
03/29/2016,2016-03-29,NTT,2
03/29/2016,2016-03-29,Unavailable,0
03/30/2016,2016-03-30,TT,0
03/30/2016,2016-03-30,NTT,1
03/30/2016,2016-03-30,Unavailable,0
03/31/2016,2016-03-31,TT,1
03/31/2016,2016-03-31,NTT,0
03/31/2016,2016-03-31,Unavailable,0
04/01/2016,2016-04-01,TT,0
04/01/2016,2016-04-01,NTT,1
04/01/2016,2016-04-01,Unavailable,0
04/07/2016,2016-04-07,TT,0
04/07/2016,2016-04-07,NTT,1
04/07/2016,2016-04-07,Unavailable,0
04/11/2016,2016-04-11,TT,0
04/11/2016,2016-04-11,NTT,1
04/11/2016,2016-04-11,Unavailable,0
04/12/2016,2016-04-12,TT,0
04/12/2016,2016-04-12,NTT,1
04/12/2016,2016-04-12,Unavailable,0
04/15/2016,2016-04-15,TT,0
04/15/2016,2016-04-15,NTT,1
04/15/2016,2016-04-15,Unavailable,0
04/21/2016,2016-04-21,TT,0
04/21/2016,2016-04-21,NTT,2
04/21/2016,2016-04-21,Unavailable,0
05/03/2016,2016-05-03,TT,0
05/03/2016,2016-05-03,NTT,2
05/03/2016,2016-05-03,Unavailable,0
05/12/2016,2016-05-12,TT,0
05/12/2016,2016-05-12,NTT,1
05/12/2016,2016-05-12,Unavailable,0
05/20/2016,2016-05-20,TT,0
05/20/2016,2016-05-20,NTT,2
05/20/2016,2016-05-20,Unavailable,0
05/24/2016,2016-05-24,TT,0
05/24/2016,2016-05-24,NTT,2
05/24/2016,2016-05-24,Unavailable,0
06/13/2016,2016-06-13,TT,0
06/13/2016,2016-06-13,NTT,2
06/13/2016,2016-06-13,Unavailable,0
06/15/2016,2016-06-15,TT,0
06/15/2016,2016-06-15,NTT,1
06/15/2016,2016-06-15,Unavailable,0
06/16/2016,2016-06-16,TT,0
06/16/2016,2016-06-16,NTT,2
06/16/2016,2016-06-16,Unavailable,0
06/24/2016,2016-06-24,TT,0
06/24/2016,2016-06-24,NTT,1
06/24/2016,2016-06-24,Unavailable,0
07/07/2016,2016-07-07,TT,0
07/07/2016,2016-07-07,NTT,1
07/07/2016,2016-07-07,Unavailable,0
08/01/2016,2016-08-01,TT,1
08/01/2016,2016-08-01,NTT,0
08/01/2016,2016-08-01,Unavailable,0
08/26/2016,2016-08-26,TT,1
08/26/2016,2016-08-26,NTT,0
08/26/2016,2016-08-26,Unavailable,0
08/29/2016,2016-08-29,TT,0
08/29/2016,2016-08-29,NTT,0
08/29/2016,2016-08-29,Unavailable,1
09/01/2016,2016-09-01,TT,0
09/01/2016,2016-09-01,NTT,1
09/01/2016,2016-09-01,Unavailable,0
09/11/2016,2016-09-11,TT,20
09/11/2016,2016-09-11,NTT,9
09/11/2016,2016-09-11,Unavailable,0
09/12/2016,2016-09-12,TT,1
09/12/2016,2016-09-12,NTT,0
09/12/2016,2016-09-12,Unavailable,0
09/13/2016,2016-09-13,TT,1
09/13/2016,2016-09-13,NTT,0
09/13/2016,2016-09-13,Unavailable,0
09/14/2016,2016-09-14,TT,0
09/14/2016,2016-09-14,NTT,1
09/14/2016,2016-09-14,Unavailable,0
09/15/2016,2016-09-15,TT,7
09/15/2016,2016-09-15,NTT,6
09/15/2016,2016-09-15,Unavailable,1
09/19/2016,2016-09-19,TT,1
09/19/2016,2016-09-19,NTT,0
09/19/2016,2016-09-19,Unavailable,0
09/21/2016,2016-09-21,TT,1
09/21/2016,2016-09-21,NTT,0
09/21/2016,2016-09-21,Unavailable,0
09/22/2016,2016-09-22,TT,1
09/22/2016,2016-09-22,NTT,0
09/22/2016,2016-09-22,Unavailable,0
09/23/2016,2016-09-23,TT,9
09/23/2016,2016-09-23,NTT,1
09/23/2016,2016-09-23,Unavailable,0
09/28/2016,2016-09-28,TT,2
09/28/2016,2016-09-28,NTT,0
09/28/2016,2016-09-28,Unavailable,0
09/29/2016,2016-09-29,TT,1
09/29/2016,2016-09-29,NTT,0
09/29/2016,2016-09-29,Unavailable,2
09/30/2016,2016-09-30,TT,8
09/30/2016,2016-09-30,NTT,3
09/30/2016,2016-09-30,Unavailable,0
10/03/2016,2016-10-03,TT,3
10/03/2016,2016-10-03,NTT,0
10/03/2016,2016-10-03,Unavailable,0
10/05/2016,2016-10-05,TT,1
10/05/2016,2016-10-05,NTT,0
10/05/2016,2016-10-05,Unavailable,0
10/07/2016,2016-10-07,TT,4
10/07/2016,2016-10-07,NTT,4
10/07/2016,2016-10-07,Unavailable,0
10/10/2016,2016-10-10,TT,3
10/10/2016,2016-10-10,NTT,0
10/10/2016,2016-10-10,Unavailable,0
10/11/2016,2016-10-11,TT,2
10/11/2016,2016-10-11,NTT,0
10/11/2016,2016-10-11,Unavailable,0
10/12/2016,2016-10-12,TT,2
10/12/2016,2016-10-12,NTT,0
10/12/2016,2016-10-12,Unavailable,0
10/14/2016,2016-10-14,TT,5
10/14/2016,2016-10-14,NTT,3
10/14/2016,2016-10-14,Unavailable,0
10/17/2016,2016-10-17,TT,0
10/17/2016,2016-10-17,NTT,0
10/17/2016,2016-10-17,Unavailable,1
10/18/2016,2016-10-18,TT,1
10/18/2016,2016-10-18,NTT,1
10/18/2016,2016-10-18,Unavailable,0
10/21/2016,2016-10-21,TT,4
10/21/2016,2016-10-21,NTT,6
10/21/2016,2016-10-21,Unavailable,0
10/24/2016,2016-10-24,TT,3
10/24/2016,2016-10-24,NTT,0
10/24/2016,2016-10-24,Unavailable,0
10/26/2016,2016-10-26,TT,2
10/26/2016,2016-10-26,NTT,0
10/26/2016,2016-10-26,Unavailable,0
10/28/2016,2016-10-28,TT,6
10/28/2016,2016-10-28,NTT,4
10/28/2016,2016-10-28,Unavailable,0
11/03/2016,2016-11-03,TT,0
11/03/2016,2016-11-03,NTT,1
11/03/2016,2016-11-03,Unavailable,0
11/04/2016,2016-11-04,TT,9
11/04/2016,2016-11-04,NTT,0
11/04/2016,2016-11-04,Unavailable,0
11/05/2016,2016-11-05,TT,1
11/05/2016,2016-11-05,NTT,0
11/05/2016,2016-11-05,Unavailable,0
11/10/2016,2016-11-10,TT,0
11/10/2016,2016-11-10,NTT,1
11/10/2016,2016-11-10,Unavailable,0
11/11/2016,2016-11-11,TT,1
11/11/2016,2016-11-11,NTT,1
11/11/2016,2016-11-11,Unavailable,0
11/14/2016,2016-11-14,TT,4
11/14/2016,2016-11-14,NTT,0
11/14/2016,2016-11-14,Unavailable,0
11/15/2016,2016-11-15,TT,0
11/15/2016,2016-11-15,NTT,2
11/15/2016,2016-11-15,Unavailable,0
11/18/2016,2016-11-18,TT,1
11/18/2016,2016-11-18,NTT,3
11/18/2016,2016-11-18,Unavailable,0
11/22/2016,2016-11-22,TT,0
11/22/2016,2016-11-22,NTT,2
11/22/2016,2016-11-22,Unavailable,0
11/23/2016,2016-11-23,TT,1
11/23/2016,2016-11-23,NTT,0
11/23/2016,2016-11-23,Unavailable,0
11/30/2016,2016-11-30,TT,2
11/30/2016,2016-11-30,NTT,1
11/30/2016,2016-11-30,Unavailable,0
12/02/2016,2016-12-02,TT,0
12/02/2016,2016-12-02,NTT,1
12/02/2016,2016-12-02,Unavailable,0
12/09/2016,2016-12-09,TT,1
12/09/2016,2016-12-09,NTT,4
12/09/2016,2016-12-09,Unavailable,0
12/14/2016,2016-12-14,TT,1
12/14/2016,2016-12-14,NTT,0
12/14/2016,2016-12-14,Unavailable,0
12/16/2016,2016-12-16,TT,2
12/16/2016,2016-12-16,NTT,1
12/16/2016,2016-12-16,Unavailable,0
12/18/2016,2016-12-18,TT,1
12/18/2016,2016-12-18,NTT,0
12/18/2016,2016-12-18,Unavailable,0
12/20/2016,2016-12-20,TT,1
12/20/2016,2016-12-20,NTT,0
12/20/2016,2016-12-20,Unavailable,0
12/23/2016,2016-12-23,TT,0
12/23/2016,2016-12-23,NTT,4
12/23/2016,2016-12-23,Unavailable,0
12/30/2016,2016-12-30,TT,1
12/30/2016,2016-12-30,NTT,0
12/30/2016,2016-12-30,Unavailable,0
01/06/2017,2017-01-06,TT,0
01/06/2017,2017-01-06,NTT,2
01/06/2017,2017-01-06,Unavailable,0
01/13/2017,2017-01-13,TT,1
01/13/2017,2017-01-13,NTT,0
01/13/2017,2017-01-13,Unavailable,0
01/20/2017,2017-01-20,TT,0
01/20/2017,2017-01-20,NTT,7
01/20/2017,2017-01-20,Unavailable,0
01/23/2017,2017-01-23,TT,0
01/23/2017,2017-01-23,NTT,1
01/23/2017,2017-01-23,Unavailable,0
01/26/2017,2017-01-26,TT,0
01/26/2017,2017-01-26,NTT,1
01/26/2017,2017-01-26,Unavailable,0
01/27/2017,2017-01-27,TT,0
01/27/2017,2017-01-27,NTT,5
01/27/2017,2017-01-27,Unavailable,0
02/03/2017,2017-02-03,TT,0
02/03/2017,2017-02-03,NTT,3
02/03/2017,2017-02-03,Unavailable,0
02/09/2017,2017-02-09,TT,1
02/09/2017,2017-02-09,NTT,0
02/09/2017,2017-02-09,Unavailable,0
02/10/2017,2017-02-10,TT,1
02/10/2017,2017-02-10,NTT,3
02/10/2017,2017-02-10,Unavailable,0
02/16/2017,2017-02-16,TT,0
02/16/2017,2017-02-16,NTT,1
02/16/2017,2017-02-16,Unavailable,0
02/17/2017,2017-02-17,TT,0
02/17/2017,2017-02-17,NTT,5
02/17/2017,2017-02-17,Unavailable,0
02/24/2017,2017-02-24,TT,1
02/24/2017,2017-02-24,NTT,2
02/24/2017,2017-02-24,Unavailable,0
02/28/2017,2017-02-28,TT,2
02/28/2017,2017-02-28,NTT,0
02/28/2017,2017-02-28,Unavailable,0
03/03/2017,2017-03-03,TT,0
03/03/2017,2017-03-03,NTT,1
03/03/2017,2017-03-03,Unavailable,0
03/10/2017,2017-03-10,TT,0
03/10/2017,2017-03-10,NTT,4
03/10/2017,2017-03-10,Unavailable,1
03/17/2017,2017-03-17,TT,0
03/17/2017,2017-03-17,NTT,2
03/17/2017,2017-03-17,Unavailable,0
03/21/2017,2017-03-21,TT,0
03/21/2017,2017-03-21,NTT,1
03/21/2017,2017-03-21,Unavailable,0
03/23/2017,2017-03-23,TT,0
03/23/2017,2017-03-23,NTT,1
03/23/2017,2017-03-23,Unavailable,0
03/24/2017,2017-03-24,TT,1
03/24/2017,2017-03-24,NTT,1
03/24/2017,2017-03-24,Unavailable,0
03/31/2017,2017-03-31,TT,0
03/31/2017,2017-03-31,NTT,2
03/31/2017,2017-03-31,Unavailable,1
04/07/2017,2017-04-07,TT,1
04/07/2017,2017-04-07,NTT,1
04/07/2017,2017-04-07,Unavailable,0
04/14/2017,2017-04-14,TT,0
04/14/2017,2017-04-14,NTT,3
04/14/2017,2017-04-14,Unavailable,0
04/21/2017,2017-04-21,TT,0
04/21/2017,2017-04-21,NTT,2
04/21/2017,2017-04-21,Unavailable,0
05/02/2017,2017-05-02,TT,0
05/02/2017,2017-05-02,NTT,1
05/02/2017,2017-05-02,Unavailable,0
05/05/2017,2017-05-05,TT,0
05/05/2017,2017-05-05,NTT,1
05/05/2017,2017-05-05,Unavailable,0
05/07/2017,2017-05-07,TT,1
05/07/2017,2017-05-07,NTT,0
05/07/2017,2017-05-07,Unavailable,0
05/19/2017,2017-05-19,TT,0
05/19/2017,2017-05-19,NTT,1
05/19/2017,2017-05-19,Unavailable,0
05/22/2017,2017-05-22,TT,0
05/22/2017,2017-05-22,NTT,1
05/22/2017,2017-05-22,Unavailable,0
05/26/2017,2017-05-26,TT,0
05/26/2017,2017-05-26,NTT,2
05/26/2017,2017-05-26,Unavailable,0
06/02/2017,2017-06-02,TT,0
06/02/2017,2017-06-02,NTT,1
06/02/2017,2017-06-02,Unavailable,0
06/07/2017,2017-06-07,TT,0
06/07/2017,2017-06-07,NTT,1
06/07/2017,2017-06-07,Unavailable,0
06/15/2017,2017-06-15,TT,0
06/15/2017,2017-06-15,NTT,3
06/15/2017,2017-06-15,Unavailable,0
06/23/2017,2017-06-23,TT,0
06/23/2017,2017-06-23,NTT,1
06/23/2017,2017-06-23,Unavailable,0
06/27/2017,2017-06-27,TT,0
06/27/2017,2017-06-27,NTT,1
06/27/2017,2017-06-27,Unavailable,0
08/03/2017,2017-08-03,TT,1
08/03/2017,2017-08-03,NTT,0
08/03/2017,2017-08-03,Unavailable,0
08/21/2017,2017-08-21,TT,1
08/21/2017,2017-08-21,NTT,0
08/21/2017,2017-08-21,Unavailable,0
08/24/2017,2017-08-24,TT,2
08/24/2017,2017-08-24,NTT,0
08/24/2017,2017-08-24,Unavailable,0
09/01/2017,2017-09-01,TT,1
09/01/2017,2017-09-01,NTT,0
09/01/2017,2017-09-01,Unavailable,0
09/10/2017,2017-09-10,TT,25
09/10/2017,2017-09-10,NTT,3
09/10/2017,2017-09-10,Unavailable,0
09/11/2017,2017-09-11,TT,1
09/11/2017,2017-09-11,NTT,0
09/11/2017,2017-09-11,Unavailable,0
09/15/2017,2017-09-15,TT,5
09/15/2017,2017-09-15,NTT,2
09/15/2017,2017-09-15,Unavailable,0
09/19/2017,2017-09-19,TT,1
09/19/2017,2017-09-19,NTT,0
09/19/2017,2017-09-19,Unavailable,0
09/22/2017,2017-09-22,TT,13
09/22/2017,2017-09-22,NTT,3
09/22/2017,2017-09-22,Unavailable,0
09/24/2017,2017-09-24,TT,2
09/24/2017,2017-09-24,NTT,0
09/24/2017,2017-09-24,Unavailable,0
09/27/2017,2017-09-27,TT,1
09/27/2017,2017-09-27,NTT,0
09/27/2017,2017-09-27,Unavailable,0
09/29/2017,2017-09-29,TT,12
09/29/2017,2017-09-29,NTT,4
09/29/2017,2017-09-29,Unavailable,2
10/03/2017,2017-10-03,TT,1
10/03/2017,2017-10-03,NTT,0
10/03/2017,2017-10-03,Unavailable,0
10/05/2017,2017-10-05,TT,0
10/05/2017,2017-10-05,NTT,1
10/05/2017,2017-10-05,Unavailable,0
10/06/2017,2017-10-06,TT,12
10/06/2017,2017-10-06,NTT,6
10/06/2017,2017-10-06,Unavailable,0
10/09/2017,2017-10-09,TT,1
10/09/2017,2017-10-09,NTT,0
10/09/2017,2017-10-09,Unavailable,0
10/13/2017,2017-10-13,TT,6
10/13/2017,2017-10-13,NTT,1
10/13/2017,2017-10-13,Unavailable,0
10/18/2017,2017-10-18,TT,0
10/18/2017,2017-10-18,NTT,1
10/18/2017,2017-10-18,Unavailable,0
10/20/2017,2017-10-20,TT,9
10/20/2017,2017-10-20,NTT,4
10/20/2017,2017-10-20,Unavailable,1
10/27/2017,2017-10-27,TT,8
10/27/2017,2017-10-27,NTT,3
10/27/2017,2017-10-27,Unavailable,0
10/31/2017,2017-10-31,TT,0
10/31/2017,2017-10-31,NTT,2
10/31/2017,2017-10-31,Unavailable,0
11/01/2017,2017-11-01,TT,3
11/01/2017,2017-11-01,NTT,1
11/01/2017,2017-11-01,Unavailable,0
11/03/2017,2017-11-03,TT,7
11/03/2017,2017-11-03,NTT,3
11/03/2017,2017-11-03,Unavailable,0
11/05/2017,2017-11-05,TT,0
11/05/2017,2017-11-05,NTT,1
11/05/2017,2017-11-05,Unavailable,0
11/07/2017,2017-11-07,TT,1
11/07/2017,2017-11-07,NTT,0
11/07/2017,2017-11-07,Unavailable,0
11/09/2017,2017-11-09,TT,0
11/09/2017,2017-11-09,NTT,3
11/09/2017,2017-11-09,Unavailable,0
11/10/2017,2017-11-10,TT,5
11/10/2017,2017-11-10,NTT,2
11/10/2017,2017-11-10,Unavailable,0
11/15/2017,2017-11-15,TT,0
11/15/2017,2017-11-15,NTT,1
11/15/2017,2017-11-15,Unavailable,0
11/16/2017,2017-11-16,TT,1
11/16/2017,2017-11-16,NTT,0
11/16/2017,2017-11-16,Unavailable,0
11/17/2017,2017-11-17,TT,4
11/17/2017,2017-11-17,NTT,1
11/17/2017,2017-11-17,Unavailable,0
11/18/2017,2017-11-18,TT,1
11/18/2017,2017-11-18,NTT,0
11/18/2017,2017-11-18,Unavailable,0
11/20/2017,2017-11-20,TT,1
11/20/2017,2017-11-20,NTT,1
11/20/2017,2017-11-20,Unavailable,0
11/21/2017,2017-11-21,TT,2
11/21/2017,2017-11-21,NTT,0
11/21/2017,2017-11-21,Unavailable,0
11/22/2017,2017-11-22,TT,1
11/22/2017,2017-11-22,NTT,3
11/22/2017,2017-11-22,Unavailable,0
11/29/2017,2017-11-29,TT,0
11/29/2017,2017-11-29,NTT,1
11/29/2017,2017-11-29,Unavailable,0
12/01/2017,2017-12-01,TT,1
12/01/2017,2017-12-01,NTT,1
12/01/2017,2017-12-01,Unavailable,0
12/08/2017,2017-12-08,TT,4
12/08/2017,2017-12-08,NTT,2
12/08/2017,2017-12-08,Unavailable,0
12/15/2017,2017-12-15,TT,2
12/15/2017,2017-12-15,NTT,5
12/15/2017,2017-12-15,Unavailable,0
12/22/2017,2017-12-22,TT,1
12/22/2017,2017-12-22,NTT,2
12/22/2017,2017-12-22,Unavailable,0
12/27/2017,2017-12-27,TT,1
12/27/2017,2017-12-27,NTT,0
12/27/2017,2017-12-27,Unavailable,0
12/29/2017,2017-12-29,TT,4
12/29/2017,2017-12-29,NTT,0
12/29/2017,2017-12-29,Unavailable,0
01/08/2018,2018-01-08,TT,1
01/08/2018,2018-01-08,NTT,2
01/08/2018,2018-01-08,Unavailable,0
01/10/2018,2018-01-10,TT,1
01/10/2018,2018-01-10,NTT,0
01/10/2018,2018-01-10,Unavailable,0
01/12/2018,2018-01-12,TT,1
01/12/2018,2018-01-12,NTT,2
01/12/2018,2018-01-12,Unavailable,0
01/17/2018,2018-01-17,TT,2
01/17/2018,2018-01-17,NTT,0
01/17/2018,2018-01-17,Unavailable,0
01/19/2018,2018-01-19,TT,1
01/19/2018,2018-01-19,NTT,4
01/19/2018,2018-01-19,Unavailable,0
01/20/2018,2018-01-20,TT,0
01/20/2018,2018-01-20,NTT,2
01/20/2018,2018-01-20,Unavailable,0
01/24/2018,2018-01-24,TT,2
01/24/2018,2018-01-24,NTT,0
01/24/2018,2018-01-24,Unavailable,0
01/25/2018,2018-01-25,TT,1
01/25/2018,2018-01-25,NTT,0
01/25/2018,2018-01-25,Unavailable,0
01/26/2018,2018-01-26,TT,0
01/26/2018,2018-01-26,NTT,5
01/26/2018,2018-01-26,Unavailable,0
02/02/2018,2018-02-02,TT,1
02/02/2018,2018-02-02,NTT,2
02/02/2018,2018-02-02,Unavailable,0
02/09/2018,2018-02-09,TT,0
02/09/2018,2018-02-09,NTT,3
02/09/2018,2018-02-09,Unavailable,0
02/15/2018,2018-02-15,TT,1
02/15/2018,2018-02-15,NTT,0
02/15/2018,2018-02-15,Unavailable,0
02/16/2018,2018-02-16,TT,1
02/16/2018,2018-02-16,NTT,1
02/16/2018,2018-02-16,Unavailable,0
02/23/2018,2018-02-23,TT,1
02/23/2018,2018-02-23,NTT,1
02/23/2018,2018-02-23,Unavailable,0
03/02/2018,2018-03-02,TT,1
03/02/2018,2018-03-02,NTT,2
03/02/2018,2018-03-02,Unavailable,0
03/09/2018,2018-03-09,TT,1
03/09/2018,2018-03-09,NTT,4
03/09/2018,2018-03-09,Unavailable,0
03/16/2018,2018-03-16,TT,1
03/16/2018,2018-03-16,NTT,4
03/16/2018,2018-03-16,Unavailable,0
03/23/2018,2018-03-23,TT,0
03/23/2018,2018-03-23,NTT,2
03/23/2018,2018-03-23,Unavailable,0
03/30/2018,2018-03-30,TT,0
03/30/2018,2018-03-30,NTT,3
03/30/2018,2018-03-30,Unavailable,0
04/06/2018,2018-04-06,TT,0
04/06/2018,2018-04-06,NTT,2
04/06/2018,2018-04-06,Unavailable,0
04/11/2018,2018-04-11,TT,1
04/11/2018,2018-04-11,NTT,0
04/11/2018,2018-04-11,Unavailable,0
04/13/2018,2018-04-13,TT,0
04/13/2018,2018-04-13,NTT,5
04/13/2018,2018-04-13,Unavailable,0
04/20/2018,2018-04-20,TT,0
04/20/2018,2018-04-20,NTT,1
04/20/2018,2018-04-20,Unavailable,0
04/27/2018,2018-04-27,TT,1
04/27/2018,2018-04-27,NTT,1
04/27/2018,2018-04-27,Unavailable,0
05/04/2018,2018-05-04,TT,3
05/04/2018,2018-05-04,NTT,2
05/04/2018,2018-05-04,Unavailable,0
05/11/2018,2018-05-11,TT,0
05/11/2018,2018-05-11,NTT,2
05/11/2018,2018-05-11,Unavailable,0
05/18/2018,2018-05-18,TT,0
05/18/2018,2018-05-18,NTT,2
05/18/2018,2018-05-18,Unavailable,0
05/25/2018,2018-05-25,TT,0
05/25/2018,2018-05-25,NTT,5
05/25/2018,2018-05-25,Unavailable,0
06/01/2018,2018-06-01,TT,0
06/01/2018,2018-06-01,NTT,1
06/01/2018,2018-06-01,Unavailable,0
06/08/2018,2018-06-08,TT,0
06/08/2018,2018-06-08,NTT,1
06/08/2018,2018-06-08,Unavailable,0
06/15/2018,2018-06-15,TT,1
06/15/2018,2018-06-15,NTT,0
06/15/2018,2018-06-15,Unavailable,0
06/29/2018,2018-06-29,TT,0
06/29/2018,2018-06-29,NTT,1
06/29/2018,2018-06-29,Unavailable,0
07/06/2018,2018-07-06,TT,2
07/06/2018,2018-07-06,NTT,0
07/06/2018,2018-07-06,Unavailable,0
08/12/2018,2018-08-12,TT,1
08/12/2018,2018-08-12,NTT,0
08/12/2018,2018-08-12,Unavailable,0
08/13/2018,2018-08-13,TT,1
08/13/2018,2018-08-13,NTT,0
08/13/2018,2018-08-13,Unavailable,0
08/19/2018,2018-08-19,TT,1
08/19/2018,2018-08-19,NTT,0
08/19/2018,2018-08-19,Unavailable,0
09/06/2018,2018-09-06,TT,1
09/06/2018,2018-09-06,NTT,0
09/06/2018,2018-09-06,Unavailable,0
09/09/2018,2018-09-09,TT,3
09/09/2018,2018-09-09,NTT,0
09/09/2018,2018-09-09,Unavailable,0
09/10/2018,2018-09-10,TT,15
09/10/2018,2018-09-10,NTT,3
09/10/2018,2018-09-10,Unavailable,4
09/11/2018,2018-09-11,TT,1
09/11/2018,2018-09-11,NTT,0
09/11/2018,2018-09-11,Unavailable,1
09/14/2018,2018-09-14,TT,5
09/14/2018,2018-09-14,NTT,1
09/14/2018,2018-09-14,Unavailable,1
09/21/2018,2018-09-21,TT,10
09/21/2018,2018-09-21,NTT,0
09/21/2018,2018-09-21,Unavailable,1
09/24/2018,2018-09-24,TT,1
09/24/2018,2018-09-24,NTT,0
09/24/2018,2018-09-24,Unavailable,0
09/25/2018,2018-09-25,TT,1
09/25/2018,2018-09-25,NTT,0
09/25/2018,2018-09-25,Unavailable,0
09/28/2018,2018-09-28,TT,6
09/28/2018,2018-09-28,NTT,5
09/28/2018,2018-09-28,Unavailable,1
10/02/2018,2018-10-02,TT,0
10/02/2018,2018-10-02,NTT,0
10/02/2018,2018-10-02,Unavailable,1
10/03/2018,2018-10-03,TT,1
10/03/2018,2018-10-03,NTT,0
10/03/2018,2018-10-03,Unavailable,0
10/05/2018,2018-10-05,TT,9
10/05/2018,2018-10-05,NTT,4
10/05/2018,2018-10-05,Unavailable,0
10/12/2018,2018-10-12,TT,7
10/12/2018,2018-10-12,NTT,3
10/12/2018,2018-10-12,Unavailable,3
10/19/2018,2018-10-19,TT,7
10/19/2018,2018-10-19,NTT,1
10/19/2018,2018-10-19,Unavailable,0
10/25/2018,2018-10-25,TT,1
10/25/2018,2018-10-25,NTT,0
10/25/2018,2018-10-25,Unavailable,0
10/26/2018,2018-10-26,TT,4
10/26/2018,2018-10-26,NTT,3
10/26/2018,2018-10-26,Unavailable,1
11/01/2018,2018-11-01,TT,0
11/01/2018,2018-11-01,NTT,1
11/01/2018,2018-11-01,Unavailable,0
11/02/2018,2018-11-02,TT,3
11/02/2018,2018-11-02,NTT,1
11/02/2018,2018-11-02,Unavailable,0
11/09/2018,2018-11-09,TT,2
11/09/2018,2018-11-09,NTT,3
11/09/2018,2018-11-09,Unavailable,0
11/15/2018,2018-11-15,TT,0
11/15/2018,2018-11-15,NTT,1
11/15/2018,2018-11-15,Unavailable,0
11/16/2018,2018-11-16,TT,2
11/16/2018,2018-11-16,NTT,1
11/16/2018,2018-11-16,Unavailable,0
11/21/2018,2018-11-21,TT,1
11/21/2018,2018-11-21,NTT,0
11/21/2018,2018-11-21,Unavailable,1
11/30/2018,2018-11-30,TT,3
11/30/2018,2018-11-30,NTT,2
11/30/2018,2018-11-30,Unavailable,1
12/03/2018,2018-12-03,TT,0
12/03/2018,2018-12-03,NTT,1
12/03/2018,2018-12-03,Unavailable,0
12/07/2018,2018-12-07,TT,1
12/07/2018,2018-12-07,NTT,5
12/07/2018,2018-12-07,Unavailable,4
12/14/2018,2018-12-14,TT,1
12/14/2018,2018-12-14,NTT,2
12/14/2018,2018-12-14,Unavailable,1
12/21/2018,2018-12-21,TT,2
12/21/2018,2018-12-21,NTT,2
12/21/2018,2018-12-21,Unavailable,0
12/28/2018,2018-12-28,TT,1
12/28/2018,2018-12-28,NTT,0
12/28/2018,2018-12-28,Unavailable,1
01/03/2019,2019-01-03,TT,0
01/03/2019,2019-01-03,NTT,2
01/03/2019,2019-01-03,Unavailable,0
01/07/2019,2019-01-07,TT,1
01/07/2019,2019-01-07,NTT,0
01/07/2019,2019-01-07,Unavailable,0
01/11/2019,2019-01-11,TT,2
01/11/2019,2019-01-11,NTT,3
01/11/2019,2019-01-11,Unavailable,0
01/18/2019,2019-01-18,TT,1
01/18/2019,2019-01-18,NTT,6
01/18/2019,2019-01-18,Unavailable,0
01/25/2019,2019-01-25,TT,0
01/25/2019,2019-01-25,NTT,1
01/25/2019,2019-01-25,Unavailable,0
01/28/2019,2019-01-28,TT,0
01/28/2019,2019-01-28,NTT,0
01/28/2019,2019-01-28,Unavailable,1
02/01/2019,2019-02-01,TT,2
02/01/2019,2019-02-01,NTT,1
02/01/2019,2019-02-01,Unavailable,1
02/08/2019,2019-02-08,TT,1
02/08/2019,2019-02-08,NTT,2
02/08/2019,2019-02-08,Unavailable,3
02/10/2019,2019-02-10,TT,1
02/10/2019,2019-02-10,NTT,0
02/10/2019,2019-02-10,Unavailable,0
02/15/2019,2019-02-15,TT,0
02/15/2019,2019-02-15,NTT,1
02/15/2019,2019-02-15,Unavailable,0
02/22/2019,2019-02-22,TT,2
02/22/2019,2019-02-22,NTT,5
02/22/2019,2019-02-22,Unavailable,1
03/01/2019,2019-03-01,TT,0
03/01/2019,2019-03-01,NTT,3
03/01/2019,2019-03-01,Unavailable,1
03/08/2019,2019-03-08,TT,1
03/08/2019,2019-03-08,NTT,3
03/08/2019,2019-03-08,Unavailable,0
03/15/2019,2019-03-15,TT,1
03/15/2019,2019-03-15,NTT,1
03/15/2019,2019-03-15,Unavailable,0
03/21/2019,2019-03-21,TT,0
03/21/2019,2019-03-21,NTT,1
03/21/2019,2019-03-21,Unavailable,0
03/22/2019,2019-03-22,TT,1
03/22/2019,2019-03-22,NTT,0
03/22/2019,2019-03-22,Unavailable,0
03/23/2019,2019-03-23,TT,0
03/23/2019,2019-03-23,NTT,0
03/23/2019,2019-03-23,Unavailable,1
03/29/2019,2019-03-29,TT,0
03/29/2019,2019-03-29,NTT,1
03/29/2019,2019-03-29,Unavailable,0
04/12/2019,2019-04-12,TT,0
04/12/2019,2019-04-12,NTT,2
04/12/2019,2019-04-12,Unavailable,0
04/15/2019,2019-04-15,TT,0
04/15/2019,2019-04-15,NTT,1
04/15/2019,2019-04-15,Unavailable,0
04/19/2019,2019-04-19,TT,0
04/19/2019,2019-04-19,NTT,2
04/19/2019,2019-04-19,Unavailable,0
05/10/2019,2019-05-10,TT,0
05/10/2019,2019-05-10,NTT,5
05/10/2019,2019-05-10,Unavailable,0
05/20/2019,2019-05-20,TT,0
05/20/2019,2019-05-20,NTT,1
05/20/2019,2019-05-20,Unavailable,0
05/24/2019,2019-05-24,TT,0
05/24/2019,2019-05-24,NTT,1
05/24/2019,2019-05-24,Unavailable,0
05/31/2019,2019-05-31,TT,0
05/31/2019,2019-05-31,NTT,2
05/31/2019,2019-05-31,Unavailable,0
06/14/2019,2019-06-14,TT,0
06/14/2019,2019-06-14,NTT,0
06/14/2019,2019-06-14,Unavailable,1
06/21/2019,2019-06-21,TT,1
06/21/2019,2019-06-21,NTT,0
06/21/2019,2019-06-21,Unavailable,0
07/02/2019,2019-07-02,TT,0
07/02/2019,2019-07-02,NTT,1
07/02/2019,2019-07-02,Unavailable,0
08/20/2019,2019-08-20,TT,1
08/20/2019,2019-08-20,NTT,0
08/20/2019,2019-08-20,Unavailable,0
08/29/2019,2019-08-29,TT,2
08/29/2019,2019-08-29,NTT,0
08/29/2019,2019-08-29,Unavailable,0
09/02/2019,2019-09-02,TT,1
09/02/2019,2019-09-02,NTT,0
09/02/2019,2019-09-02,Unavailable,0
09/03/2019,2019-09-03,TT,1
09/03/2019,2019-09-03,NTT,0
09/03/2019,2019-09-03,Unavailable,0
09/09/2019,2019-09-09,TT,1
09/09/2019,2019-09-09,NTT,1
09/09/2019,2019-09-09,Unavailable,0
09/10/2019,2019-09-10,TT,1
09/10/2019,2019-09-10,NTT,0
09/10/2019,2019-09-10,Unavailable,0
09/11/2019,2019-09-11,TT,1
09/11/2019,2019-09-11,NTT,1
09/11/2019,2019-09-11,Unavailable,0
09/12/2019,2019-09-12,TT,22
09/12/2019,2019-09-12,NTT,8
09/12/2019,2019-09-12,Unavailable,2
09/17/2019,2019-09-17,TT,5
09/17/2019,2019-09-17,NTT,2
09/17/2019,2019-09-17,Unavailable,0
09/18/2019,2019-09-18,TT,1
09/18/2019,2019-09-18,NTT,0
09/18/2019,2019-09-18,Unavailable,0
09/20/2019,2019-09-20,TT,5
09/20/2019,2019-09-20,NTT,1
09/20/2019,2019-09-20,Unavailable,0
09/27/2019,2019-09-27,TT,7
09/27/2019,2019-09-27,NTT,4
09/27/2019,2019-09-27,Unavailable,0
10/01/2019,2019-10-01,TT,0
10/01/2019,2019-10-01,NTT,1
10/01/2019,2019-10-01,Unavailable,0
10/02/2019,2019-10-02,TT,0
10/02/2019,2019-10-02,NTT,1
10/02/2019,2019-10-02,Unavailable,0
10/04/2019,2019-10-04,TT,5
10/04/2019,2019-10-04,NTT,2
10/04/2019,2019-10-04,Unavailable,1
10/07/2019,2019-10-07,TT,1
10/07/2019,2019-10-07,NTT,1
10/07/2019,2019-10-07,Unavailable,0
10/08/2019,2019-10-08,TT,1
10/08/2019,2019-10-08,NTT,0
10/08/2019,2019-10-08,Unavailable,0
10/10/2019,2019-10-10,TT,3
10/10/2019,2019-10-10,NTT,3
10/10/2019,2019-10-10,Unavailable,1
10/11/2019,2019-10-11,TT,1
10/11/2019,2019-10-11,NTT,1
10/11/2019,2019-10-11,Unavailable,0
10/16/2019,2019-10-16,TT,0
10/16/2019,2019-10-16,NTT,1
10/16/2019,2019-10-16,Unavailable,0
10/17/2019,2019-10-17,TT,0
10/17/2019,2019-10-17,NTT,1
10/17/2019,2019-10-17,Unavailable,0
10/18/2019,2019-10-18,TT,6
10/18/2019,2019-10-18,NTT,2
10/18/2019,2019-10-18,Unavailable,0
10/21/2019,2019-10-21,TT,1
10/21/2019,2019-10-21,NTT,1
10/21/2019,2019-10-21,Unavailable,0
10/22/2019,2019-10-22,TT,1
10/22/2019,2019-10-22,NTT,0
10/22/2019,2019-10-22,Unavailable,0
10/23/2019,2019-10-23,TT,6
10/23/2019,2019-10-23,NTT,0
10/23/2019,2019-10-23,Unavailable,0
10/25/2019,2019-10-25,TT,2
10/25/2019,2019-10-25,NTT,1
10/25/2019,2019-10-25,Unavailable,0
10/28/2019,2019-10-28,TT,1
10/28/2019,2019-10-28,NTT,0
10/28/2019,2019-10-28,Unavailable,0
10/29/2019,2019-10-29,TT,0
10/29/2019,2019-10-29,NTT,1
10/29/2019,2019-10-29,Unavailable,0
11/01/2019,2019-11-01,TT,1
11/01/2019,2019-11-01,NTT,1
11/01/2019,2019-11-01,Unavailable,0
11/02/2019,2019-11-02,TT,0
11/02/2019,2019-11-02,NTT,0
11/02/2019,2019-11-02,Unavailable,1
11/03/2019,2019-11-03,TT,1
11/03/2019,2019-11-03,NTT,0
11/03/2019,2019-11-03,Unavailable,0
11/06/2019,2019-11-06,TT,0
11/06/2019,2019-11-06,NTT,1
11/06/2019,2019-11-06,Unavailable,0
11/07/2019,2019-11-07,TT,3
11/07/2019,2019-11-07,NTT,2
11/07/2019,2019-11-07,Unavailable,1
11/08/2019,2019-11-08,TT,1
11/08/2019,2019-11-08,NTT,1
11/08/2019,2019-11-08,Unavailable,0
11/11/2019,2019-11-11,TT,0
11/11/2019,2019-11-11,NTT,1
11/11/2019,2019-11-11,Unavailable,0
11/13/2019,2019-11-13,TT,1
11/13/2019,2019-11-13,NTT,0
11/13/2019,2019-11-13,Unavailable,0
11/14/2019,2019-11-14,TT,1
11/14/2019,2019-11-14,NTT,0
11/14/2019,2019-11-14,Unavailable,0
11/15/2019,2019-11-15,TT,1
11/15/2019,2019-11-15,NTT,1
11/15/2019,2019-11-15,Unavailable,0
11/20/2019,2019-11-20,TT,1
11/20/2019,2019-11-20,NTT,1
11/20/2019,2019-11-20,Unavailable,0
11/21/2019,2019-11-21,TT,0
11/21/2019,2019-11-21,NTT,1
11/21/2019,2019-11-21,Unavailable,0
11/27/2019,2019-11-27,TT,0
11/27/2019,2019-11-27,NTT,2
11/27/2019,2019-11-27,Unavailable,0
12/01/2019,2019-12-01,TT,0
12/01/2019,2019-12-01,NTT,2
12/01/2019,2019-12-01,Unavailable,0
12/06/2019,2019-12-06,TT,1
12/06/2019,2019-12-06,NTT,5
12/06/2019,2019-12-06,Unavailable,0
12/07/2019,2019-12-07,TT,1
12/07/2019,2019-12-07,NTT,0
12/07/2019,2019-12-07,Unavailable,0
12/09/2019,2019-12-09,TT,0
12/09/2019,2019-12-09,NTT,1
12/09/2019,2019-12-09,Unavailable,0
12/12/2019,2019-12-12,TT,0
12/12/2019,2019-12-12,NTT,3
12/12/2019,2019-12-12,Unavailable,0
12/15/2019,2019-12-15,TT,1
12/15/2019,2019-12-15,NTT,0
12/15/2019,2019-12-15,Unavailable,0
12/17/2019,2019-12-17,TT,1
12/17/2019,2019-12-17,NTT,1
12/17/2019,2019-12-17,Unavailable,0
12/20/2019,2019-12-20,TT,1
12/20/2019,2019-12-20,NTT,2
12/20/2019,2019-12-20,Unavailable,1
12/26/2019,2019-12-26,TT,1
12/26/2019,2019-12-26,NTT,0
12/26/2019,2019-12-26,Unavailable,0
01/03/2020,2020-01-03,TT,1
01/03/2020,2020-01-03,NTT,0
01/03/2020,2020-01-03,Unavailable,0
01/04/2020,2020-01-04,TT,1
01/04/2020,2020-01-04,NTT,0
01/04/2020,2020-01-04,Unavailable,0
01/10/2020,2020-01-10,TT,2
01/10/2020,2020-01-10,NTT,2
01/10/2020,2020-01-10,Unavailable,0
01/17/2020,2020-01-17,TT,1
01/17/2020,2020-01-17,NTT,1
01/17/2020,2020-01-17,Unavailable,0
01/21/2020,2020-01-21,TT,0
01/21/2020,2020-01-21,NTT,1
01/21/2020,2020-01-21,Unavailable,0
01/24/2020,2020-01-24,TT,1
01/24/2020,2020-01-24,NTT,1
01/24/2020,2020-01-24,Unavailable,0
01/31/2020,2020-01-31,TT,1
01/31/2020,2020-01-31,NTT,2
01/31/2020,2020-01-31,Unavailable,0
02/01/2020,2020-02-01,TT,0
02/01/2020,2020-02-01,NTT,1
02/01/2020,2020-02-01,Unavailable,0
02/07/2020,2020-02-07,TT,0
02/07/2020,2020-02-07,NTT,1
02/07/2020,2020-02-07,Unavailable,0
02/12/2020,2020-02-12,TT,1
02/12/2020,2020-02-12,NTT,0
02/12/2020,2020-02-12,Unavailable,0
02/14/2020,2020-02-14,TT,0
02/14/2020,2020-02-14,NTT,1
02/14/2020,2020-02-14,Unavailable,0
02/20/2020,2020-02-20,TT,0
02/20/2020,2020-02-20,NTT,1
02/20/2020,2020-02-20,Unavailable,0
02/21/2020,2020-02-21,TT,0
02/21/2020,2020-02-21,NTT,2
02/21/2020,2020-02-21,Unavailable,0
02/27/2020,2020-02-27,TT,0
02/27/2020,2020-02-27,NTT,3
02/27/2020,2020-02-27,Unavailable,0
02/28/2020,2020-02-28,TT,0
02/28/2020,2020-02-28,NTT,1
02/28/2020,2020-02-28,Unavailable,0
03/05/2020,2020-03-05,TT,0
03/05/2020,2020-03-05,NTT,3
03/05/2020,2020-03-05,Unavailable,0
03/07/2020,2020-03-07,TT,0
03/07/2020,2020-03-07,NTT,1
03/07/2020,2020-03-07,Unavailable,0
03/10/2020,2020-03-10,TT,0
03/10/2020,2020-03-10,NTT,1
03/10/2020,2020-03-10,Unavailable,0
03/11/2020,2020-03-11,TT,0
03/11/2020,2020-03-11,NTT,1
03/11/2020,2020-03-11,Unavailable,0
03/23/2020,2020-03-23,TT,0
03/23/2020,2020-03-23,NTT,1
03/23/2020,2020-03-23,Unavailable,0
03/26/2020,2020-03-26,TT,0
03/26/2020,2020-03-26,NTT,1
03/26/2020,2020-03-26,Unavailable,0
04/03/2020,2020-04-03,TT,1
04/03/2020,2020-04-03,NTT,0
04/03/2020,2020-04-03,Unavailable,1
04/17/2020,2020-04-17,TT,1
04/17/2020,2020-04-17,NTT,0
04/17/2020,2020-04-17,Unavailable,0
05/01/2020,2020-05-01,TT,0
05/01/2020,2020-05-01,NTT,2
05/01/2020,2020-05-01,Unavailable,0
05/15/2020,2020-05-15,TT,0
05/15/2020,2020-05-15,NTT,2
05/15/2020,2020-05-15,Unavailable,0
06/03/2020,2020-06-03,TT,0
06/03/2020,2020-06-03,NTT,1
06/03/2020,2020-06-03,Unavailable,0
06/05/2020,2020-06-05,TT,0
06/05/2020,2020-06-05,NTT,1
06/05/2020,2020-06-05,Unavailable,0
06/10/2020,2020-06-10,TT,1
06/10/2020,2020-06-10,NTT,3
06/10/2020,2020-06-10,Unavailable,0
07/01/2020,2020-07-01,TT,0
07/01/2020,2020-07-01,NTT,1
07/01/2020,2020-07-01,Unavailable,0
07/17/2020,2020-07-17,TT,0
07/17/2020,2020-07-17,NTT,1
07/17/2020,2020-07-17,Unavailable,0
09/07/2020,2020-09-07,TT,3
09/07/2020,2020-09-07,NTT,2
09/07/2020,2020-09-07,Unavailable,0
09/16/2020,2020-09-16,TT,5
09/16/2020,2020-09-16,NTT,0
09/16/2020,2020-09-16,Unavailable,0
09/17/2020,2020-09-17,TT,1
09/17/2020,2020-09-17,NTT,0
09/17/2020,2020-09-17,Unavailable,0
09/18/2020,2020-09-18,TT,1
09/18/2020,2020-09-18,NTT,1
09/18/2020,2020-09-18,Unavailable,0
09/23/2020,2020-09-23,TT,2
09/23/2020,2020-09-23,NTT,1
09/23/2020,2020-09-23,Unavailable,0
09/25/2020,2020-09-25,TT,3
09/25/2020,2020-09-25,NTT,0
09/25/2020,2020-09-25,Unavailable,0
09/30/2020,2020-09-30,TT,1
09/30/2020,2020-09-30,NTT,1
09/30/2020,2020-09-30,Unavailable,0
10/01/2020,2020-10-01,TT,1
10/01/2020,2020-10-01,NTT,0
10/01/2020,2020-10-01,Unavailable,0
10/02/2020,2020-10-02,TT,1
10/02/2020,2020-10-02,NTT,0
10/02/2020,2020-10-02,Unavailable,0
10/06/2020,2020-10-06,TT,1
10/06/2020,2020-10-06,NTT,0
10/06/2020,2020-10-06,Unavailable,0
10/11/2020,2020-10-11,TT,2
10/11/2020,2020-10-11,NTT,4
10/11/2020,2020-10-11,Unavailable,0
10/18/2020,2020-10-18,TT,4
10/18/2020,2020-10-18,NTT,0
10/18/2020,2020-10-18,Unavailable,0
10/20/2020,2020-10-20,TT,2
10/20/2020,2020-10-20,NTT,0
10/20/2020,2020-10-20,Unavailable,0
10/23/2020,2020-10-23,TT,1
10/23/2020,2020-10-23,NTT,1
10/23/2020,2020-10-23,Unavailable,0
10/25/2020,2020-10-25,TT,2
10/25/2020,2020-10-25,NTT,0
10/25/2020,2020-10-25,Unavailable,0
10/26/2020,2020-10-26,TT,0
10/26/2020,2020-10-26,NTT,1
10/26/2020,2020-10-26,Unavailable,0
10/27/2020,2020-10-27,TT,0
10/27/2020,2020-10-27,NTT,1
10/27/2020,2020-10-27,Unavailable,0
10/28/2020,2020-10-28,TT,3
10/28/2020,2020-10-28,NTT,0
10/28/2020,2020-10-28,Unavailable,0
10/29/2020,2020-10-29,TT,2
10/29/2020,2020-10-29,NTT,0
10/29/2020,2020-10-29,Unavailable,0
11/03/2020,2020-11-03,TT,2
11/03/2020,2020-11-03,NTT,0
11/03/2020,2020-11-03,Unavailable,0
11/05/2020,2020-11-05,TT,1
11/05/2020,2020-11-05,NTT,0
11/05/2020,2020-11-05,Unavailable,0
11/12/2020,2020-11-12,TT,3
11/12/2020,2020-11-12,NTT,0
11/12/2020,2020-11-12,Unavailable,0
11/16/2020,2020-11-16,TT,0
11/16/2020,2020-11-16,NTT,1
11/16/2020,2020-11-16,Unavailable,0
11/17/2020,2020-11-17,TT,1
11/17/2020,2020-11-17,NTT,1
11/17/2020,2020-11-17,Unavailable,0
11/20/2020,2020-11-20,TT,1
11/20/2020,2020-11-20,NTT,0
11/20/2020,2020-11-20,Unavailable,0
11/23/2020,2020-11-23,TT,1
11/23/2020,2020-11-23,NTT,0
11/23/2020,2020-11-23,Unavailable,0
11/24/2020,2020-11-24,TT,1
11/24/2020,2020-11-24,NTT,0
11/24/2020,2020-11-24,Unavailable,0
12/01/2020,2020-12-01,TT,2
12/01/2020,2020-12-01,NTT,0
12/01/2020,2020-12-01,Unavailable,0
12/03/2020,2020-12-03,TT,1
12/03/2020,2020-12-03,NTT,0
12/03/2020,2020-12-03,Unavailable,0
12/10/2020,2020-12-10,TT,1
12/10/2020,2020-12-10,NTT,1
12/10/2020,2020-12-10,Unavailable,0
12/12/2020,2020-12-12,TT,1
12/12/2020,2020-12-12,NTT,0
12/12/2020,2020-12-12,Unavailable,0
12/18/2020,2020-12-18,TT,1
12/18/2020,2020-12-18,NTT,0
12/18/2020,2020-12-18,Unavailable,0
12/20/2020,2020-12-20,TT,1
12/20/2020,2020-12-20,NTT,0
12/20/2020,2020-12-20,Unavailable,0
12/24/2020,2020-12-24,TT,3
12/24/2020,2020-12-24,NTT,1
12/24/2020,2020-12-24,Unavailable,0
01/08/2021,2021-01-08,TT,2
01/08/2021,2021-01-08,NTT,2
01/08/2021,2021-01-08,Unavailable,0
01/09/2021,2021-01-09,TT,1
01/09/2021,2021-01-09,NTT,0
01/09/2021,2021-01-09,Unavailable,0
01/15/2021,2021-01-15,TT,2
01/15/2021,2021-01-15,NTT,4
01/15/2021,2021-01-15,Unavailable,0
01/21/2021,2021-01-21,TT,0
01/21/2021,2021-01-21,NTT,1
01/21/2021,2021-01-21,Unavailable,0
01/27/2021,2021-01-27,TT,1
01/27/2021,2021-01-27,NTT,1
01/27/2021,2021-01-27,Unavailable,0
02/09/2021,2021-02-09,TT,0
02/09/2021,2021-02-09,NTT,2
02/09/2021,2021-02-09,Unavailable,0
02/12/2021,2021-02-12,TT,0
02/12/2021,2021-02-12,NTT,2
02/12/2021,2021-02-12,Unavailable,0
02/22/2021,2021-02-22,TT,1
02/22/2021,2021-02-22,NTT,0
02/22/2021,2021-02-22,Unavailable,0
02/25/2021,2021-02-25,TT,1
02/25/2021,2021-02-25,NTT,1
02/25/2021,2021-02-25,Unavailable,0
02/28/2021,2021-02-28,TT,0
02/28/2021,2021-02-28,NTT,1
02/28/2021,2021-02-28,Unavailable,0
03/03/2021,2021-03-03,TT,1
03/03/2021,2021-03-03,NTT,0
03/03/2021,2021-03-03,Unavailable,0
03/05/2021,2021-03-05,TT,3
03/05/2021,2021-03-05,NTT,3
03/05/2021,2021-03-05,Unavailable,0
03/12/2021,2021-03-12,TT,0
03/12/2021,2021-03-12,NTT,5
03/12/2021,2021-03-12,Unavailable,0
03/13/2021,2021-03-13,TT,0
03/13/2021,2021-03-13,NTT,1
03/13/2021,2021-03-13,Unavailable,0
03/15/2021,2021-03-15,TT,0
03/15/2021,2021-03-15,NTT,1
03/15/2021,2021-03-15,Unavailable,0
03/17/2021,2021-03-17,TT,1
03/17/2021,2021-03-17,NTT,2
03/17/2021,2021-03-17,Unavailable,0
03/19/2021,2021-03-19,TT,0
03/19/2021,2021-03-19,NTT,1
03/19/2021,2021-03-19,Unavailable,0
03/25/2021,2021-03-25,TT,1
03/25/2021,2021-03-25,NTT,3
03/25/2021,2021-03-25,Unavailable,0
03/26/2021,2021-03-26,TT,0
03/26/2021,2021-03-26,NTT,2
03/26/2021,2021-03-26,Unavailable,0
04/02/2021,2021-04-02,TT,0
04/02/2021,2021-04-02,NTT,6
04/02/2021,2021-04-02,Unavailable,0
04/04/2021,2021-04-04,TT,0
04/04/2021,2021-04-04,NTT,1
04/04/2021,2021-04-04,Unavailable,0
04/08/2021,2021-04-08,TT,1
04/08/2021,2021-04-08,NTT,0
04/08/2021,2021-04-08,Unavailable,0
04/10/2021,2021-04-10,TT,0
04/10/2021,2021-04-10,NTT,1
04/10/2021,2021-04-10,Unavailable,0
04/14/2021,2021-04-14,TT,0
04/14/2021,2021-04-14,NTT,2
04/14/2021,2021-04-14,Unavailable,0
04/20/2021,2021-04-20,TT,1
04/20/2021,2021-04-20,NTT,0
04/20/2021,2021-04-20,Unavailable,0
04/22/2021,2021-04-22,TT,0
04/22/2021,2021-04-22,NTT,2
04/22/2021,2021-04-22,Unavailable,0
04/27/2021,2021-04-27,TT,0
04/27/2021,2021-04-27,NTT,1
04/27/2021,2021-04-27,Unavailable,0
04/30/2021,2021-04-30,TT,0
04/30/2021,2021-04-30,NTT,2
04/30/2021,2021-04-30,Unavailable,0
05/03/2021,2021-05-03,TT,0
05/03/2021,2021-05-03,NTT,1
05/03/2021,2021-05-03,Unavailable,0
05/05/2021,2021-05-05,TT,1
05/05/2021,2021-05-05,NTT,0
05/05/2021,2021-05-05,Unavailable,0
05/13/2021,2021-05-13,TT,0
05/13/2021,2021-05-13,NTT,1
05/13/2021,2021-05-13,Unavailable,0
05/14/2021,2021-05-14,TT,0
05/14/2021,2021-05-14,NTT,2
05/14/2021,2021-05-14,Unavailable,0
05/18/2021,2021-05-18,TT,0
05/18/2021,2021-05-18,NTT,3
05/18/2021,2021-05-18,Unavailable,0
05/19/2021,2021-05-19,TT,0
05/19/2021,2021-05-19,NTT,2
05/19/2021,2021-05-19,Unavailable,0
05/20/2021,2021-05-20,TT,0
05/20/2021,2021-05-20,NTT,1
05/20/2021,2021-05-20,Unavailable,0
05/28/2021,2021-05-28,TT,0
05/28/2021,2021-05-28,NTT,1
05/28/2021,2021-05-28,Unavailable,0
06/04/2021,2021-06-04,TT,0
06/04/2021,2021-06-04,NTT,2
06/04/2021,2021-06-04,Unavailable,0
06/07/2021,2021-06-07,TT,0
06/07/2021,2021-06-07,NTT,1
06/07/2021,2021-06-07,Unavailable,0
06/08/2021,2021-06-08,TT,0
06/08/2021,2021-06-08,NTT,2
06/08/2021,2021-06-08,Unavailable,0
06/14/2021,2021-06-14,TT,0
06/14/2021,2021-06-14,NTT,1
06/14/2021,2021-06-14,Unavailable,0
06/21/2021,2021-06-21,TT,0
06/21/2021,2021-06-21,NTT,1
06/21/2021,2021-06-21,Unavailable,0
06/30/2021,2021-06-30,TT,0
06/30/2021,2021-06-30,NTT,2
06/30/2021,2021-06-30,Unavailable,0
07/06/2021,2021-07-06,TT,0
07/06/2021,2021-07-06,NTT,1
07/06/2021,2021-07-06,Unavailable,0
07/29/2021,2021-07-29,TT,0
07/29/2021,2021-07-29,NTT,1
07/29/2021,2021-07-29,Unavailable,0
08/24/2021,2021-08-24,TT,0
08/24/2021,2021-08-24,NTT,1
08/24/2021,2021-08-24,Unavailable,0
08/30/2021,2021-08-30,TT,2
08/30/2021,2021-08-30,NTT,1
08/30/2021,2021-08-30,Unavailable,0
09/01/2021,2021-09-01,TT,1
09/01/2021,2021-09-01,NTT,0
09/01/2021,2021-09-01,Unavailable,0
09/08/2021,2021-09-08,TT,5
09/08/2021,2021-09-08,NTT,3
09/08/2021,2021-09-08,Unavailable,0
09/09/2021,2021-09-09,TT,0
09/09/2021,2021-09-09,NTT,1
09/09/2021,2021-09-09,Unavailable,0
09/10/2021,2021-09-10,TT,1
09/10/2021,2021-09-10,NTT,0
09/10/2021,2021-09-10,Unavailable,0
09/13/2021,2021-09-13,TT,1
09/13/2021,2021-09-13,NTT,1
09/13/2021,2021-09-13,Unavailable,0
09/14/2021,2021-09-14,TT,2
09/14/2021,2021-09-14,NTT,1
09/14/2021,2021-09-14,Unavailable,0
09/15/2021,2021-09-15,TT,2
09/15/2021,2021-09-15,NTT,0
09/15/2021,2021-09-15,Unavailable,0
09/16/2021,2021-09-16,TT,0
09/16/2021,2021-09-16,NTT,1
09/16/2021,2021-09-16,Unavailable,0
09/17/2021,2021-09-17,TT,1
09/17/2021,2021-09-17,NTT,0
09/17/2021,2021-09-17,Unavailable,0
09/20/2021,2021-09-20,TT,1
09/20/2021,2021-09-20,NTT,1
09/20/2021,2021-09-20,Unavailable,0
09/22/2021,2021-09-22,TT,3
09/22/2021,2021-09-22,NTT,1
09/22/2021,2021-09-22,Unavailable,0
09/23/2021,2021-09-23,TT,1
09/23/2021,2021-09-23,NTT,0
09/23/2021,2021-09-23,Unavailable,0
09/24/2021,2021-09-24,TT,2
09/24/2021,2021-09-24,NTT,0
09/24/2021,2021-09-24,Unavailable,0
09/25/2021,2021-09-25,TT,5
09/25/2021,2021-09-25,NTT,1
09/25/2021,2021-09-25,Unavailable,0
09/29/2021,2021-09-29,TT,2
09/29/2021,2021-09-29,NTT,3
09/29/2021,2021-09-29,Unavailable,0
09/30/2021,2021-09-30,TT,3
09/30/2021,2021-09-30,NTT,0
09/30/2021,2021-09-30,Unavailable,0
10/03/2021,2021-10-03,TT,1
10/03/2021,2021-10-03,NTT,0
10/03/2021,2021-10-03,Unavailable,0
10/05/2021,2021-10-05,TT,3
10/05/2021,2021-10-05,NTT,0
10/05/2021,2021-10-05,Unavailable,0
10/09/2021,2021-10-09,TT,3
10/09/2021,2021-10-09,NTT,2
10/09/2021,2021-10-09,Unavailable,0
10/10/2021,2021-10-10,TT,0
10/10/2021,2021-10-10,NTT,1
10/10/2021,2021-10-10,Unavailable,0
10/11/2021,2021-10-11,TT,2
10/11/2021,2021-10-11,NTT,0
10/11/2021,2021-10-11,Unavailable,0
10/14/2021,2021-10-14,TT,2
10/14/2021,2021-10-14,NTT,0
10/14/2021,2021-10-14,Unavailable,0
10/18/2021,2021-10-18,TT,0
10/18/2021,2021-10-18,NTT,1
10/18/2021,2021-10-18,Unavailable,0
10/19/2021,2021-10-19,TT,0
10/19/2021,2021-10-19,NTT,1
10/19/2021,2021-10-19,Unavailable,0
10/20/2021,2021-10-20,TT,1
10/20/2021,2021-10-20,NTT,0
10/20/2021,2021-10-20,Unavailable,0
10/21/2021,2021-10-21,TT,4
10/21/2021,2021-10-21,NTT,0
10/21/2021,2021-10-21,Unavailable,0
10/25/2021,2021-10-25,TT,2
10/25/2021,2021-10-25,NTT,0
10/25/2021,2021-10-25,Unavailable,0
10/27/2021,2021-10-27,TT,2
10/27/2021,2021-10-27,NTT,1
10/27/2021,2021-10-27,Unavailable,0
10/28/2021,2021-10-28,TT,1
10/28/2021,2021-10-28,NTT,0
10/28/2021,2021-10-28,Unavailable,0
11/01/2021,2021-11-01,TT,4
11/01/2021,2021-11-01,NTT,0
11/01/2021,2021-11-01,Unavailable,0
11/02/2021,2021-11-02,TT,1
11/02/2021,2021-11-02,NTT,0
11/02/2021,2021-11-02,Unavailable,0
11/03/2021,2021-11-03,TT,3
11/03/2021,2021-11-03,NTT,1
11/03/2021,2021-11-03,Unavailable,0
11/04/2021,2021-11-04,TT,0
11/04/2021,2021-11-04,NTT,3
11/04/2021,2021-11-04,Unavailable,0
11/05/2021,2021-11-05,TT,1
11/05/2021,2021-11-05,NTT,1
11/05/2021,2021-11-05,Unavailable,0
11/07/2021,2021-11-07,TT,1
11/07/2021,2021-11-07,NTT,0
11/07/2021,2021-11-07,Unavailable,0
11/09/2021,2021-11-09,TT,1
11/09/2021,2021-11-09,NTT,4
11/09/2021,2021-11-09,Unavailable,0
11/11/2021,2021-11-11,TT,3
11/11/2021,2021-11-11,NTT,1
11/11/2021,2021-11-11,Unavailable,0
11/12/2021,2021-11-12,TT,2
11/12/2021,2021-11-12,NTT,2
11/12/2021,2021-11-12,Unavailable,0
11/15/2021,2021-11-15,TT,1
11/15/2021,2021-11-15,NTT,0
11/15/2021,2021-11-15,Unavailable,0
11/16/2021,2021-11-16,TT,0
11/16/2021,2021-11-16,NTT,1
11/16/2021,2021-11-16,Unavailable,0
11/17/2021,2021-11-17,TT,3
11/17/2021,2021-11-17,NTT,3
11/17/2021,2021-11-17,Unavailable,0
11/18/2021,2021-11-18,TT,0
11/18/2021,2021-11-18,NTT,1
11/18/2021,2021-11-18,Unavailable,0
11/19/2021,2021-11-19,TT,1
11/19/2021,2021-11-19,NTT,1
11/19/2021,2021-11-19,Unavailable,0
11/26/2021,2021-11-26,TT,0
11/26/2021,2021-11-26,NTT,1
11/26/2021,2021-11-26,Unavailable,0
11/27/2021,2021-11-27,TT,1
11/27/2021,2021-11-27,NTT,1
11/27/2021,2021-11-27,Unavailable,0
11/30/2021,2021-11-30,TT,2
11/30/2021,2021-11-30,NTT,2
11/30/2021,2021-11-30,Unavailable,0
12/01/2021,2021-12-01,TT,1
12/01/2021,2021-12-01,NTT,0
12/01/2021,2021-12-01,Unavailable,0
12/05/2021,2021-12-05,TT,2
12/05/2021,2021-12-05,NTT,3
12/05/2021,2021-12-05,Unavailable,0
12/07/2021,2021-12-07,TT,0
12/07/2021,2021-12-07,NTT,3
12/07/2021,2021-12-07,Unavailable,0
12/08/2021,2021-12-08,TT,1
12/08/2021,2021-12-08,NTT,0
12/08/2021,2021-12-08,Unavailable,0
12/09/2021,2021-12-09,TT,2
12/09/2021,2021-12-09,NTT,0
12/09/2021,2021-12-09,Unavailable,0
12/12/2021,2021-12-12,TT,1
12/12/2021,2021-12-12,NTT,0
12/12/2021,2021-12-12,Unavailable,0
12/14/2021,2021-12-14,TT,1
12/14/2021,2021-12-14,NTT,2
12/14/2021,2021-12-14,Unavailable,0
12/20/2021,2021-12-20,TT,2
12/20/2021,2021-12-20,NTT,4
12/20/2021,2021-12-20,Unavailable,0
12/26/2021,2021-12-26,TT,2
12/26/2021,2021-12-26,NTT,2
12/26/2021,2021-12-26,Unavailable,0
12/29/2021,2021-12-29,TT,1
12/29/2021,2021-12-29,NTT,0
12/29/2021,2021-12-29,Unavailable,0
01/03/2022,2022-01-03,TT,1
01/03/2022,2022-01-03,NTT,0
01/03/2022,2022-01-03,Unavailable,0
01/04/2022,2022-01-04,TT,0
01/04/2022,2022-01-04,NTT,1
01/04/2022,2022-01-04,Unavailable,0
01/07/2022,2022-01-07,TT,1
01/07/2022,2022-01-07,NTT,1
01/07/2022,2022-01-07,Unavailable,0
01/16/2022,2022-01-16,TT,1
01/16/2022,2022-01-16,NTT,1
01/16/2022,2022-01-16,Unavailable,0
01/20/2022,2022-01-20,TT,0
01/20/2022,2022-01-20,NTT,2
01/20/2022,2022-01-20,Unavailable,0
01/24/2022,2022-01-24,TT,0
01/24/2022,2022-01-24,NTT,1
01/24/2022,2022-01-24,Unavailable,0
01/25/2022,2022-01-25,TT,1
01/25/2022,2022-01-25,NTT,1
01/25/2022,2022-01-25,Unavailable,0
01/27/2022,2022-01-27,TT,0
01/27/2022,2022-01-27,NTT,1
01/27/2022,2022-01-27,Unavailable,0
02/01/2022,2022-02-01,TT,0
02/01/2022,2022-02-01,NTT,2
02/01/2022,2022-02-01,Unavailable,0
02/02/2022,2022-02-02,TT,0
02/02/2022,2022-02-02,NTT,2
02/02/2022,2022-02-02,Unavailable,0
02/03/2022,2022-02-03,TT,0
02/03/2022,2022-02-03,NTT,1
02/03/2022,2022-02-03,Unavailable,0
02/05/2022,2022-02-05,TT,1
02/05/2022,2022-02-05,NTT,0
02/05/2022,2022-02-05,Unavailable,0
02/07/2022,2022-02-07,TT,0
02/07/2022,2022-02-07,NTT,1
02/07/2022,2022-02-07,Unavailable,0
02/10/2022,2022-02-10,TT,0
02/10/2022,2022-02-10,NTT,3
02/10/2022,2022-02-10,Unavailable,0
02/18/2022,2022-02-18,TT,3
02/18/2022,2022-02-18,NTT,4
02/18/2022,2022-02-18,Unavailable,0
02/22/2022,2022-02-22,TT,0
02/22/2022,2022-02-22,NTT,3
02/22/2022,2022-02-22,Unavailable,0
02/23/2022,2022-02-23,TT,1
02/23/2022,2022-02-23,NTT,0
02/23/2022,2022-02-23,Unavailable,0
02/24/2022,2022-02-24,TT,1
02/24/2022,2022-02-24,NTT,0
02/24/2022,2022-02-24,Unavailable,0
02/28/2022,2022-02-28,TT,0
02/28/2022,2022-02-28,NTT,1
02/28/2022,2022-02-28,Unavailable,0
03/02/2022,2022-03-02,TT,1
03/02/2022,2022-03-02,NTT,1
03/02/2022,2022-03-02,Unavailable,0
03/06/2022,2022-03-06,TT,1
03/06/2022,2022-03-06,NTT,2
03/06/2022,2022-03-06,Unavailable,0
03/08/2022,2022-03-08,TT,0
03/08/2022,2022-03-08,NTT,1
03/08/2022,2022-03-08,Unavailable,0
03/09/2022,2022-03-09,TT,1
03/09/2022,2022-03-09,NTT,1
03/09/2022,2022-03-09,Unavailable,0
03/10/2022,2022-03-10,TT,1
03/10/2022,2022-03-10,NTT,2
03/10/2022,2022-03-10,Unavailable,0
03/17/2022,2022-03-17,TT,0
03/17/2022,2022-03-17,NTT,3
03/17/2022,2022-03-17,Unavailable,0
03/23/2022,2022-03-23,TT,0
03/23/2022,2022-03-23,NTT,4
03/23/2022,2022-03-23,Unavailable,0
03/25/2022,2022-03-25,TT,0
03/25/2022,2022-03-25,NTT,2
03/25/2022,2022-03-25,Unavailable,0
03/29/2022,2022-03-29,TT,0
03/29/2022,2022-03-29,NTT,3
03/29/2022,2022-03-29,Unavailable,0
03/30/2022,2022-03-30,TT,0
03/30/2022,2022-03-30,NTT,1
03/30/2022,2022-03-30,Unavailable,0
04/05/2022,2022-04-05,TT,1
04/05/2022,2022-04-05,NTT,1
04/05/2022,2022-04-05,Unavailable,0
04/07/2022,2022-04-07,TT,0
04/07/2022,2022-04-07,NTT,1
04/07/2022,2022-04-07,Unavailable,0
04/11/2022,2022-04-11,TT,0
04/11/2022,2022-04-11,NTT,1
04/11/2022,2022-04-11,Unavailable,0
04/13/2022,2022-04-13,TT,0
04/13/2022,2022-04-13,NTT,4
04/13/2022,2022-04-13,Unavailable,0
04/19/2022,2022-04-19,TT,0
04/19/2022,2022-04-19,NTT,1
04/19/2022,2022-04-19,Unavailable,0
04/25/2022,2022-04-25,TT,0
04/25/2022,2022-04-25,NTT,3
04/25/2022,2022-04-25,Unavailable,0
04/26/2022,2022-04-26,TT,1
04/26/2022,2022-04-26,NTT,0
04/26/2022,2022-04-26,Unavailable,0
05/04/2022,2022-05-04,TT,1
05/04/2022,2022-05-04,NTT,5
05/04/2022,2022-05-04,Unavailable,0
05/09/2022,2022-05-09,TT,0
05/09/2022,2022-05-09,NTT,2
05/09/2022,2022-05-09,Unavailable,0
05/13/2022,2022-05-13,TT,1
05/13/2022,2022-05-13,NTT,1
05/13/2022,2022-05-13,Unavailable,0
05/19/2022,2022-05-19,TT,0
05/19/2022,2022-05-19,NTT,1
05/19/2022,2022-05-19,Unavailable,0
05/20/2022,2022-05-20,TT,0
05/20/2022,2022-05-20,NTT,1
05/20/2022,2022-05-20,Unavailable,0
05/25/2022,2022-05-25,TT,0
05/25/2022,2022-05-25,NTT,1
05/25/2022,2022-05-25,Unavailable,0
05/26/2022,2022-05-26,TT,0
05/26/2022,2022-05-26,NTT,1
05/26/2022,2022-05-26,Unavailable,0
05/27/2022,2022-05-27,TT,0
05/27/2022,2022-05-27,NTT,1
05/27/2022,2022-05-27,Unavailable,0
05/30/2022,2022-05-30,TT,0
05/30/2022,2022-05-30,NTT,5
05/30/2022,2022-05-30,Unavailable,0
06/02/2022,2022-06-02,TT,0
06/02/2022,2022-06-02,NTT,1
06/02/2022,2022-06-02,Unavailable,0
06/13/2022,2022-06-13,TT,0
06/13/2022,2022-06-13,NTT,2
06/13/2022,2022-06-13,Unavailable,0
06/22/2022,2022-06-22,TT,0
06/22/2022,2022-06-22,NTT,1
06/22/2022,2022-06-22,Unavailable,0
08/17/2022,2022-08-17,TT,1
08/17/2022,2022-08-17,NTT,0
08/17/2022,2022-08-17,Unavailable,0
08/29/2022,2022-08-29,TT,1
08/29/2022,2022-08-29,NTT,0
08/29/2022,2022-08-29,Unavailable,0
09/01/2022,2022-09-01,TT,3
09/01/2022,2022-09-01,NTT,2
09/01/2022,2022-09-01,Unavailable,0
09/06/2022,2022-09-06,TT,1
09/06/2022,2022-09-06,NTT,0
09/06/2022,2022-09-06,Unavailable,0
09/08/2022,2022-09-08,TT,1
09/08/2022,2022-09-08,NTT,0
09/08/2022,2022-09-08,Unavailable,0
09/12/2022,2022-09-12,TT,2
09/12/2022,2022-09-12,NTT,1
09/12/2022,2022-09-12,Unavailable,0
09/14/2022,2022-09-14,TT,4
09/14/2022,2022-09-14,NTT,0
09/14/2022,2022-09-14,Unavailable,0
09/15/2022,2022-09-15,TT,1
09/15/2022,2022-09-15,NTT,4
09/15/2022,2022-09-15,Unavailable,0
09/16/2022,2022-09-16,TT,2
09/16/2022,2022-09-16,NTT,1
09/16/2022,2022-09-16,Unavailable,0
09/19/2022,2022-09-19,TT,1
09/19/2022,2022-09-19,NTT,2
09/19/2022,2022-09-19,Unavailable,0
09/20/2022,2022-09-20,TT,2
09/20/2022,2022-09-20,NTT,0
09/20/2022,2022-09-20,Unavailable,0
09/22/2022,2022-09-22,TT,4
09/22/2022,2022-09-22,NTT,1
09/22/2022,2022-09-22,Unavailable,0
09/24/2022,2022-09-24,TT,0
09/24/2022,2022-09-24,NTT,1
09/24/2022,2022-09-24,Unavailable,0
09/28/2022,2022-09-28,TT,4
09/28/2022,2022-09-28,NTT,3
09/28/2022,2022-09-28,Unavailable,0
10/02/2022,2022-10-02,TT,0
10/02/2022,2022-10-02,NTT,1
10/02/2022,2022-10-02,Unavailable,0
10/04/2022,2022-10-04,TT,3
10/04/2022,2022-10-04,NTT,1
10/04/2022,2022-10-04,Unavailable,0
10/05/2022,2022-10-05,TT,2
10/05/2022,2022-10-05,NTT,0
10/05/2022,2022-10-05,Unavailable,0
10/06/2022,2022-10-06,TT,2
10/06/2022,2022-10-06,NTT,0
10/06/2022,2022-10-06,Unavailable,0
10/10/2022,2022-10-10,TT,7
10/10/2022,2022-10-10,NTT,2
10/10/2022,2022-10-10,Unavailable,0
10/11/2022,2022-10-11,TT,2
10/11/2022,2022-10-11,NTT,0
10/11/2022,2022-10-11,Unavailable,0
10/13/2022,2022-10-13,TT,4
10/13/2022,2022-10-13,NTT,3
10/13/2022,2022-10-13,Unavailable,0
10/18/2022,2022-10-18,TT,4
10/18/2022,2022-10-18,NTT,5
10/18/2022,2022-10-18,Unavailable,0
10/20/2022,2022-10-20,TT,1
10/20/2022,2022-10-20,NTT,0
10/20/2022,2022-10-20,Unavailable,0
10/21/2022,2022-10-21,TT,0
10/21/2022,2022-10-21,NTT,2
10/21/2022,2022-10-21,Unavailable,0
10/26/2022,2022-10-26,TT,2
10/26/2022,2022-10-26,NTT,2
10/26/2022,2022-10-26,Unavailable,0
10/27/2022,2022-10-27,TT,1
10/27/2022,2022-10-27,NTT,0
10/27/2022,2022-10-27,Unavailable,0
10/28/2022,2022-10-28,TT,2
10/28/2022,2022-10-28,NTT,0
10/28/2022,2022-10-28,Unavailable,0
11/01/2022,2022-11-01,TT,2
11/01/2022,2022-11-01,NTT,4
11/01/2022,2022-11-01,Unavailable,0
11/05/2022,2022-11-05,TT,1
11/05/2022,2022-11-05,NTT,2
11/05/2022,2022-11-05,Unavailable,0
11/08/2022,2022-11-08,TT,7
11/08/2022,2022-11-08,NTT,0
11/08/2022,2022-11-08,Unavailable,0
11/09/2022,2022-11-09,TT,0
11/09/2022,2022-11-09,NTT,1
11/09/2022,2022-11-09,Unavailable,0
11/11/2022,2022-11-11,TT,1
11/11/2022,2022-11-11,NTT,2
11/11/2022,2022-11-11,Unavailable,0
11/14/2022,2022-11-14,TT,1
11/14/2022,2022-11-14,NTT,1
11/14/2022,2022-11-14,Unavailable,0
11/15/2022,2022-11-15,TT,1
11/15/2022,2022-11-15,NTT,0
11/15/2022,2022-11-15,Unavailable,0
11/17/2022,2022-11-17,TT,1
11/17/2022,2022-11-17,NTT,2
11/17/2022,2022-11-17,Unavailable,0
11/18/2022,2022-11-18,TT,1
11/18/2022,2022-11-18,NTT,1
11/18/2022,2022-11-18,Unavailable,0
11/20/2022,2022-11-20,TT,1
11/20/2022,2022-11-20,NTT,1
11/20/2022,2022-11-20,Unavailable,0
11/22/2022,2022-11-22,TT,8
11/22/2022,2022-11-22,NTT,1
11/22/2022,2022-11-22,Unavailable,0
11/28/2022,2022-11-28,TT,1
11/28/2022,2022-11-28,NTT,2
11/28/2022,2022-11-28,Unavailable,0
11/29/2022,2022-11-29,TT,2
11/29/2022,2022-11-29,NTT,0
11/29/2022,2022-11-29,Unavailable,0
12/02/2022,2022-12-02,TT,0
12/02/2022,2022-12-02,NTT,1
12/02/2022,2022-12-02,Unavailable,0
12/04/2022,2022-12-04,TT,1
12/04/2022,2022-12-04,NTT,0
12/04/2022,2022-12-04,Unavailable,0
12/05/2022,2022-12-05,TT,1
12/05/2022,2022-12-05,NTT,0
12/05/2022,2022-12-05,Unavailable,0
12/08/2022,2022-12-08,TT,0
12/08/2022,2022-12-08,NTT,3
12/08/2022,2022-12-08,Unavailable,0
12/20/2022,2022-12-20,TT,3
12/20/2022,2022-12-20,NTT,3
12/20/2022,2022-12-20,Unavailable,0
01/04/2023,2023-01-04,TT,1
01/04/2023,2023-01-04,NTT,0
01/04/2023,2023-01-04,Unavailable,0
01/10/2023,2023-01-10,TT,2
01/10/2023,2023-01-10,NTT,1
01/10/2023,2023-01-10,Unavailable,0
01/16/2023,2023-01-16,TT,1
01/16/2023,2023-01-16,NTT,2
01/16/2023,2023-01-16,Unavailable,0
01/19/2023,2023-01-19,TT,1
01/19/2023,2023-01-19,NTT,1
01/19/2023,2023-01-19,Unavailable,0
01/27/2023,2023-01-27,TT,0
01/27/2023,2023-01-27,NTT,3
01/27/2023,2023-01-27,Unavailable,0
02/02/2023,2023-02-02,TT,2
02/02/2023,2023-02-02,NTT,2
02/02/2023,2023-02-02,Unavailable,0
02/09/2023,2023-02-09,TT,2
02/09/2023,2023-02-09,NTT,1
02/09/2023,2023-02-09,Unavailable,0
02/16/2023,2023-02-16,TT,0
02/16/2023,2023-02-16,NTT,1
02/16/2023,2023-02-16,Unavailable,0
02/17/2023,2023-02-17,TT,0
02/17/2023,2023-02-17,NTT,3
02/17/2023,2023-02-17,Unavailable,0
02/27/2023,2023-02-27,TT,0
02/27/2023,2023-02-27,NTT,2
02/27/2023,2023-02-27,Unavailable,0
03/08/2023,2023-03-08,TT,0
03/08/2023,2023-03-08,NTT,5
03/08/2023,2023-03-08,Unavailable,0
03/10/2023,2023-03-10,TT,0
03/10/2023,2023-03-10,NTT,2
03/10/2023,2023-03-10,Unavailable,0
03/17/2023,2023-03-17,TT,0
03/17/2023,2023-03-17,NTT,1
03/17/2023,2023-03-17,Unavailable,0
03/22/2023,2023-03-22,TT,0
03/22/2023,2023-03-22,NTT,2
03/22/2023,2023-03-22,Unavailable,0
03/24/2023,2023-03-24,TT,0
03/24/2023,2023-03-24,NTT,1
03/24/2023,2023-03-24,Unavailable,0
03/29/2023,2023-03-29,TT,1
03/29/2023,2023-03-29,NTT,1
03/29/2023,2023-03-29,Unavailable,0
04/11/2023,2023-04-11,TT,0
04/11/2023,2023-04-11,NTT,3
04/11/2023,2023-04-11,Unavailable,0
04/18/2023,2023-04-18,TT,0
04/18/2023,2023-04-18,NTT,2
04/18/2023,2023-04-18,Unavailable,0
05/01/2023,2023-05-01,TT,0
05/01/2023,2023-05-01,NTT,2
05/01/2023,2023-05-01,Unavailable,0
05/10/2023,2023-05-10,TT,1
05/10/2023,2023-05-10,NTT,3
05/10/2023,2023-05-10,Unavailable,0
05/16/2023,2023-05-16,TT,2
05/16/2023,2023-05-16,NTT,4
05/16/2023,2023-05-16,Unavailable,0
05/23/2023,2023-05-23,TT,0
05/23/2023,2023-05-23,NTT,1
05/23/2023,2023-05-23,Unavailable,0
06/05/2023,2023-06-05,TT,0
06/05/2023,2023-06-05,NTT,2
06/05/2023,2023-06-05,Unavailable,0
06/13/2023,2023-06-13,TT,0
06/13/2023,2023-06-13,NTT,2
06/13/2023,2023-06-13,Unavailable,0
06/23/2023,2023-06-23,TT,0
06/23/2023,2023-06-23,NTT,2
06/23/2023,2023-06-23,Unavailable,0
07/05/2023,2023-07-05,TT,0
07/05/2023,2023-07-05,NTT,1
07/05/2023,2023-07-05,Unavailable,0
08/01/2023,2023-08-01,TT,1
08/01/2023,2023-08-01,NTT,0
08/01/2023,2023-08-01,Unavailable,0
08/10/2023,2023-08-10,TT,1
08/10/2023,2023-08-10,NTT,0
08/10/2023,2023-08-10,Unavailable,0
08/28/2023,2023-08-28,TT,1
08/28/2023,2023-08-28,NTT,0
08/28/2023,2023-08-28,Unavailable,0
09/01/2023,2023-09-01,TT,3
09/01/2023,2023-09-01,NTT,3
09/01/2023,2023-09-01,Unavailable,0
09/08/2023,2023-09-08,TT,6
09/08/2023,2023-09-08,NTT,2
09/08/2023,2023-09-08,Unavailable,0
09/09/2023,2023-09-09,TT,1
09/09/2023,2023-09-09,NTT,0
09/09/2023,2023-09-09,Unavailable,0
09/12/2023,2023-09-12,TT,2
09/12/2023,2023-09-12,NTT,1
09/12/2023,2023-09-12,Unavailable,0
09/13/2023,2023-09-13,TT,1
09/13/2023,2023-09-13,NTT,0
09/13/2023,2023-09-13,Unavailable,0
09/14/2023,2023-09-14,TT,0
09/14/2023,2023-09-14,NTT,2
09/14/2023,2023-09-14,Unavailable,0
09/18/2023,2023-09-18,TT,6
09/18/2023,2023-09-18,NTT,4
09/18/2023,2023-09-18,Unavailable,0
09/24/2023,2023-09-24,TT,2
09/24/2023,2023-09-24,NTT,0
09/24/2023,2023-09-24,Unavailable,0
09/26/2023,2023-09-26,TT,6
09/26/2023,2023-09-26,NTT,0
09/26/2023,2023-09-26,Unavailable,0
09/30/2023,2023-09-30,TT,5
09/30/2023,2023-09-30,NTT,3
09/30/2023,2023-09-30,Unavailable,0
10/02/2023,2023-10-02,TT,1
10/02/2023,2023-10-02,NTT,0
10/02/2023,2023-10-02,Unavailable,0
10/03/2023,2023-10-03,TT,3
10/03/2023,2023-10-03,NTT,3
10/03/2023,2023-10-03,Unavailable,0
10/05/2023,2023-10-05,TT,2
10/05/2023,2023-10-05,NTT,0
10/05/2023,2023-10-05,Unavailable,0
10/06/2023,2023-10-06,TT,0
10/06/2023,2023-10-06,NTT,1
10/06/2023,2023-10-06,Unavailable,0
10/09/2023,2023-10-09,TT,2
10/09/2023,2023-10-09,NTT,0
10/09/2023,2023-10-09,Unavailable,0
10/12/2023,2023-10-12,TT,3
10/12/2023,2023-10-12,NTT,0
10/12/2023,2023-10-12,Unavailable,0
10/16/2023,2023-10-16,TT,2
10/16/2023,2023-10-16,NTT,0
10/16/2023,2023-10-16,Unavailable,0
10/19/2023,2023-10-19,TT,2
10/19/2023,2023-10-19,NTT,0
10/19/2023,2023-10-19,Unavailable,0
10/20/2023,2023-10-20,TT,1
10/20/2023,2023-10-20,NTT,0
10/20/2023,2023-10-20,Unavailable,0
10/22/2023,2023-10-22,TT,4
10/22/2023,2023-10-22,NTT,1
10/22/2023,2023-10-22,Unavailable,0
10/30/2023,2023-10-30,TT,8
10/30/2023,2023-10-30,NTT,0
10/30/2023,2023-10-30,Unavailable,0
11/07/2023,2023-11-07,TT,7
11/07/2023,2023-11-07,NTT,6
11/07/2023,2023-11-07,Unavailable,0
11/08/2023,2023-11-08,TT,0
11/08/2023,2023-11-08,NTT,1
11/08/2023,2023-11-08,Unavailable,0
11/13/2023,2023-11-13,TT,7
11/13/2023,2023-11-13,NTT,2
11/13/2023,2023-11-13,Unavailable,0
11/17/2023,2023-11-17,TT,0
11/17/2023,2023-11-17,NTT,1
11/17/2023,2023-11-17,Unavailable,0
11/27/2023,2023-11-27,TT,4
11/27/2023,2023-11-27,NTT,0
11/27/2023,2023-11-27,Unavailable,0
11/30/2023,2023-11-30,TT,1
11/30/2023,2023-11-30,NTT,0
11/30/2023,2023-11-30,Unavailable,0
12/04/2023,2023-12-04,TT,2
12/04/2023,2023-12-04,NTT,0
12/04/2023,2023-12-04,Unavailable,0
12/13/2023,2023-12-13,TT,2
12/13/2023,2023-12-13,NTT,2
12/13/2023,2023-12-13,Unavailable,0
12/19/2023,2023-12-19,TT,3
12/19/2023,2023-12-19,NTT,2
12/19/2023,2023-12-19,Unavailable,0
01/02/2024,2024-01-02,TT,1
01/02/2024,2024-01-02,NTT,0
01/02/2024,2024-01-02,Unavailable,0
01/05/2024,2024-01-05,TT,0
01/05/2024,2024-01-05,NTT,2
01/05/2024,2024-01-05,Unavailable,0
01/10/2024,2024-01-10,TT,2
01/10/2024,2024-01-10,NTT,3
01/10/2024,2024-01-10,Unavailable,0
01/15/2024,2024-01-15,TT,1
01/15/2024,2024-01-15,NTT,1
01/15/2024,2024-01-15,Unavailable,0
01/24/2024,2024-01-24,TT,3
01/24/2024,2024-01-24,NTT,3
01/24/2024,2024-01-24,Unavailable,0
01/29/2024,2024-01-29,TT,1
01/29/2024,2024-01-29,NTT,0
01/29/2024,2024-01-29,Unavailable,0
02/08/2024,2024-02-08,TT,0
02/08/2024,2024-02-08,NTT,3
02/08/2024,2024-02-08,Unavailable,0
02/15/2024,2024-02-15,TT,4
02/15/2024,2024-02-15,NTT,2
02/15/2024,2024-02-15,Unavailable,0
02/21/2024,2024-02-21,TT,0
02/21/2024,2024-02-21,NTT,1
02/21/2024,2024-02-21,Unavailable,0
03/11/2024,2024-03-11,TT,1
03/11/2024,2024-03-11,NTT,10
03/11/2024,2024-03-11,Unavailable,0
03/25/2024,2024-03-25,TT,0
03/25/2024,2024-03-25,NTT,1
03/25/2024,2024-03-25,Unavailable,0
03/26/2024,2024-03-26,TT,0
03/26/2024,2024-03-26,NTT,1
03/26/2024,2024-03-26,Unavailable,0
04/02/2024,2024-04-02,TT,0
04/02/2024,2024-04-02,NTT,3
04/02/2024,2024-04-02,Unavailable,0
04/14/2024,2024-04-14,TT,0
04/14/2024,2024-04-14,NTT,2
04/14/2024,2024-04-14,Unavailable,0
04/18/2024,2024-04-18,TT,0
04/18/2024,2024-04-18,NTT,4
04/18/2024,2024-04-18,Unavailable,0
04/25/2024,2024-04-25,TT,0
04/25/2024,2024-04-25,NTT,1
04/25/2024,2024-04-25,Unavailable,0
04/30/2024,2024-04-30,TT,0
04/30/2024,2024-04-30,NTT,1
04/30/2024,2024-04-30,Unavailable,0
05/09/2024,2024-05-09,TT,0
05/09/2024,2024-05-09,NTT,1
05/09/2024,2024-05-09,Unavailable,0
05/30/2024,2024-05-30,TT,1
05/30/2024,2024-05-30,NTT,4
05/30/2024,2024-05-30,Unavailable,0
06/05/2024,2024-06-05,TT,0
06/05/2024,2024-06-05,NTT,1
06/05/2024,2024-06-05,Unavailable,0
06/26/2024,2024-06-26,TT,1
06/26/2024,2024-06-26,NTT,0
06/26/2024,2024-06-26,Unavailable,0
08/20/2024,2024-08-20,TT,8
08/20/2024,2024-08-20,NTT,5
08/20/2024,2024-08-20,Unavailable,0
08/24/2024,2024-08-24,TT,0
08/24/2024,2024-08-24,NTT,1
08/24/2024,2024-08-24,Unavailable,0
08/26/2024,2024-08-26,TT,1
08/26/2024,2024-08-26,NTT,1
08/26/2024,2024-08-26,Unavailable,0
09/02/2024,2024-09-02,TT,1
09/02/2024,2024-09-02,NTT,0
09/02/2024,2024-09-02,Unavailable,0
09/05/2024,2024-09-05,TT,2
09/05/2024,2024-09-05,NTT,0
09/05/2024,2024-09-05,Unavailable,0
09/09/2024,2024-09-09,TT,7
09/09/2024,2024-09-09,NTT,1
09/09/2024,2024-09-09,Unavailable,0
09/12/2024,2024-09-12,TT,6
09/12/2024,2024-09-12,NTT,1
09/12/2024,2024-09-12,Unavailable,0
09/16/2024,2024-09-16,TT,2
09/16/2024,2024-09-16,NTT,1
09/16/2024,2024-09-16,Unavailable,0
09/17/2024,2024-09-17,TT,1
09/17/2024,2024-09-17,NTT,0
09/17/2024,2024-09-17,Unavailable,0
09/19/2024,2024-09-19,TT,1
09/19/2024,2024-09-19,NTT,1
09/19/2024,2024-09-19,Unavailable,0
09/20/2024,2024-09-20,TT,7
09/20/2024,2024-09-20,NTT,0
09/20/2024,2024-09-20,Unavailable,0
09/23/2024,2024-09-23,TT,1
09/23/2024,2024-09-23,NTT,0
09/23/2024,2024-09-23,Unavailable,0
09/24/2024,2024-09-24,TT,1
09/24/2024,2024-09-24,NTT,0
09/24/2024,2024-09-24,Unavailable,0
09/25/2024,2024-09-25,TT,3
09/25/2024,2024-09-25,NTT,0
09/25/2024,2024-09-25,Unavailable,0
10/01/2024,2024-10-01,TT,2
10/01/2024,2024-10-01,NTT,4
10/01/2024,2024-10-01,Unavailable,0
10/02/2024,2024-10-02,TT,0
10/02/2024,2024-10-02,NTT,2
10/02/2024,2024-10-02,Unavailable,0
10/07/2024,2024-10-07,TT,3
10/07/2024,2024-10-07,NTT,0
10/07/2024,2024-10-07,Unavailable,0
10/09/2024,2024-10-09,TT,2
10/09/2024,2024-10-09,NTT,2
10/09/2024,2024-10-09,Unavailable,0
10/14/2024,2024-10-14,TT,2
10/14/2024,2024-10-14,NTT,2
10/14/2024,2024-10-14,Unavailable,0
10/21/2024,2024-10-21,TT,8
10/21/2024,2024-10-21,NTT,2
10/21/2024,2024-10-21,Unavailable,0
10/22/2024,2024-10-22,TT,2
10/22/2024,2024-10-22,NTT,0
10/22/2024,2024-10-22,Unavailable,0
10/29/2024,2024-10-29,TT,5
10/29/2024,2024-10-29,NTT,3
10/29/2024,2024-10-29,Unavailable,0
11/04/2024,2024-11-04,TT,2
11/04/2024,2024-11-04,NTT,0
11/04/2024,2024-11-04,Unavailable,0
11/05/2024,2024-11-05,TT,3
11/05/2024,2024-11-05,NTT,5
11/05/2024,2024-11-05,Unavailable,0
11/08/2024,2024-11-08,TT,1
11/08/2024,2024-11-08,NTT,0
11/08/2024,2024-11-08,Unavailable,0
11/11/2024,2024-11-11,TT,2
11/11/2024,2024-11-11,NTT,3
11/11/2024,2024-11-11,Unavailable,0
11/14/2024,2024-11-14,TT,2
11/14/2024,2024-11-14,NTT,0
11/14/2024,2024-11-14,Unavailable,0
11/18/2024,2024-11-18,TT,0
11/18/2024,2024-11-18,NTT,1
11/18/2024,2024-11-18,Unavailable,0
11/26/2024,2024-11-26,TT,1
11/26/2024,2024-11-26,NTT,1
11/26/2024,2024-11-26,Unavailable,0
11/27/2024,2024-11-27,TT,1
11/27/2024,2024-11-27,NTT,3
11/27/2024,2024-11-27,Unavailable,0
12/05/2024,2024-12-05,TT,2
12/05/2024,2024-12-05,NTT,3
12/05/2024,2024-12-05,Unavailable,0
12/06/2024,2024-12-06,TT,0
12/06/2024,2024-12-06,NTT,1
12/06/2024,2024-12-06,Unavailable,0
12/17/2024,2024-12-17,TT,0
12/17/2024,2024-12-17,NTT,1
12/17/2024,2024-12-17,Unavailable,0
12/24/2024,2024-12-24,TT,0
12/24/2024,2024-12-24,NTT,3
12/24/2024,2024-12-24,Unavailable,0
01/16/2025,2025-01-16,TT,1
01/16/2025,2025-01-16,NTT,2
01/16/2025,2025-01-16,Unavailable,0
01/23/2025,2025-01-23,TT,1
01/23/2025,2025-01-23,NTT,1
01/23/2025,2025-01-23,Unavailable,0
01/25/2025,2025-01-25,TT,0
01/25/2025,2025-01-25,NTT,1
01/25/2025,2025-01-25,Unavailable,0
