date,datetimeObj,TT,NTT,Unavailable,Total,Overall_EMA
09/15/2012,2012-09-15,0,1,0,1,1.0
01/15/2013,2013-01-15,0,1,0,1,1.0
01/20/2013,2013-01-20,0,1,0,1,1.0
01/23/2013,2013-01-23,2,0,0,2,1.3657142857142857
01/24/2013,2013-01-24,1,0,0,1,1.2458386683738796
01/28/2013,2013-01-28,1,1,0,2,1.4752004752004753
02/01/2013,2013-02-01,1,0,0,1,1.3380995985067268
02/03/2013,2013-02-03,0,1,0,1,1.2441712590080543
02/04/2013,2013-02-04,1,0,0,1,1.1781729845212219
02/13/2013,2013-02-13,0,1,0,1,1.1309716662607487
08/15/2013,2013-08-15,3,0,0,3,1.618833667690857
08/16/2013,2013-08-16,2,0,0,2,1.717242483045592
08/19/2013,2013-08-19,0,1,0,1,1.5335682654023326
08/21/2013,2013-08-21,2,0,0,2,1.6522916053509482
08/23/2013,2013-08-23,1,0,0,1,1.4870099693143408
08/26/2013,2013-08-26,1,1,0,2,1.6165558631113424
08/27/2013,2013-08-27,1,0,0,1,1.4612494674165404
08/28/2013,2013-08-28,1,0,0,1,1.3452833170234921
08/30/2013,2013-08-30,2,1,0,3,1.760719067516718
09/01/2013,2013-09-01,4,0,0,4,2.3223202570346575
09/02/2013,2013-09-02,1,0,0,1,1.9909520636978235
09/03/2013,2013-09-03,7,0,0,7,3.245451832886428
09/04/2013,2013-09-04,2,0,0,2,2.933671758121442
09/05/2013,2013-09-05,1,0,0,1,2.4497682740559927
09/06/2013,2013-09-06,9,0,0,9,4.088559467133644
09/08/2013,2013-09-08,1,0,0,1,3.3159835526374404
09/09/2013,2013-09-09,3,3,1,7,4.237377695866449
09/10/2013,2013-09-10,3,1,0,4,4.178014425291946
09/11/2013,2013-09-11,1,0,0,1,3.383321595093413
09/12/2013,2013-09-12,0,1,0,1,2.7873847726767034
09/13/2013,2013-09-13,4,1,0,5,3.340612676954142
09/14/2013,2013-09-14,3,0,0,3,3.2554509530138582
09/15/2013,2013-09-15,2,1,0,3,3.1915834030226526
09/16/2013,2013-09-16,4,0,0,4,3.393698972704068
09/17/2013,2013-09-17,1,2,0,3,3.295270058271382
09/18/2013,2013-09-18,3,0,0,3,3.2214501974296645
09/19/2013,2013-09-19,3,0,0,3,3.1660863283176655
09/20/2013,2013-09-20,6,0,0,6,3.874577412906566
09/23/2013,2013-09-23,3,0,0,3,3.6559301278865353
09/24/2013,2013-09-24,1,0,0,1,2.9919409184508705
09/25/2013,2013-09-25,1,1,0,2,2.74395381841061
09/26/2013,2013-09-26,1,0,0,1,2.307962897481805
09/27/2013,2013-09-27,0,2,0,2,2.2309718464674373
09/30/2013,2013-09-30,3,0,0,3,2.42322949660796
10/01/2013,2013-10-01,3,0,0,3,2.567422466568859
10/02/2013,2013-10-02,3,0,0,3,2.675567043489875
10/03/2013,2013-10-03,1,1,1,3,2.7566753914966093
10/04/2013,2013-10-04,3,1,0,4,3.0675068565657284
10/07/2013,2013-10-07,3,1,0,4,3.300630318454783
10/08/2013,2013-10-08,3,2,0,5,3.725472979438687
10/09/2013,2013-10-09,3,0,0,3,3.544104657544409
10/10/2013,2013-10-10,1,1,0,2,3.158078370187343
10/11/2013,2013-10-11,3,1,0,4,3.3685588279278558
10/12/2013,2013-10-12,1,0,0,1,2.776419014841714
10/14/2013,2013-10-14,1,0,0,1,2.3323142014476916
10/15/2013,2013-10-15,3,1,0,4,2.7492356931085733
10/16/2013,2013-10-16,2,0,0,2,2.5619267556718452
10/17/2013,2013-10-17,2,0,0,2,2.421445058789118
10/18/2013,2013-10-18,1,1,0,2,2.3160837896116577
10/21/2013,2013-10-21,2,2,0,4,2.7370628556344236
10/22/2013,2013-10-22,4,1,0,5,3.302797155257431
10/23/2013,2013-10-23,1,0,0,1,2.7270978561156007
10/24/2013,2013-10-24,0,2,0,2,2.545323389641061
10/25/2013,2013-10-25,2,0,0,2,2.4089925408551234
10/27/2013,2013-10-27,1,0,0,1,2.056744402975523
10/28/2013,2013-10-28,1,0,0,1,1.7925583007321184
10/29/2013,2013-10-29,6,1,0,7,3.0944187310911215
10/31/2013,2013-10-31,1,1,0,2,2.8208140474447876
11/01/2013,2013-11-01,4,2,0,6,3.6156105374867846
11/03/2013,2013-11-03,0,0,1,1,2.9617079019407275
11/04/2013,2013-11-04,3,0,0,3,2.97128092646844
11/05/2013,2013-11-05,1,0,0,1,2.478460694353479
11/06/2013,2013-11-06,4,0,0,4,2.85884552105331
11/07/2013,2013-11-07,4,1,0,5,3.394134141094156
11/08/2013,2013-11-08,1,0,0,1,2.795600605565533
11/10/2013,2013-11-10,1,0,0,1,2.346700454030665
11/11/2013,2013-11-11,4,0,0,4,2.760025340622084
11/12/2013,2013-11-12,1,2,0,3,2.8200190054773495
11/14/2013,2013-11-14,1,0,0,1,2.365014254046656
11/15/2013,2013-11-15,4,1,0,5,3.0237606906016143
11/18/2013,2013-11-18,2,0,0,2,2.7678205179317974
11/19/2013,2013-11-19,6,1,0,7,3.825865388509038
11/20/2013,2013-11-20,0,1,0,1,3.1193990413516364
11/21/2013,2013-11-21,1,0,0,1,2.5895492809967724
11/22/2013,2013-11-22,0,1,0,1,2.1921619607380425
11/23/2013,2013-11-23,1,0,0,1,1.8941214705481673
11/25/2013,2013-11-25,1,1,0,2,1.9205911029114828
11/27/2013,2013-11-27,2,0,0,2,1.940443327183813
12/02/2013,2013-12-02,2,0,0,2,1.9553324953879727
12/04/2013,2013-12-04,2,0,0,2,1.9664993715410433
12/09/2013,2013-12-09,3,0,0,3,2.224874528656886
12/10/2013,2013-12-10,1,1,0,2,2.1686558964924845
12/11/2013,2013-12-11,2,0,0,2,2.126491922369262
12/12/2013,2013-12-12,1,2,0,3,2.34486894177734
12/13/2013,2013-12-13,1,0,0,1,2.0086517063325506
12/16/2013,2013-12-16,0,1,0,1,1.7564887797491573
12/18/2013,2013-12-18,2,0,0,2,1.8173665848119143
12/19/2013,2013-12-19,0,1,0,1,1.6130249386088191
12/22/2013,2013-12-22,1,0,0,1,1.459768703956549
12/26/2013,2013-12-26,0,2,0,2,1.5948265279674552
01/01/2014,2014-01-01,0,1,0,1,1.4461198959755557
01/03/2014,2014-01-03,0,1,0,1,1.3345899219816466
01/06/2014,2014-01-06,3,0,0,3,1.7509424414862913
01/09/2014,2014-01-09,0,1,0,1,1.5632068311146994
01/13/2014,2014-01-13,0,1,0,1,1.4224051233360138
01/14/2014,2014-01-14,0,1,0,1,1.316803842502004
01/17/2014,2014-01-17,1,1,0,2,1.4876028818765104
01/27/2014,2014-01-27,1,0,0,1,1.3657021614073788
02/01/2014,2014-02-01,0,1,0,1,1.2742766210555319
02/04/2014,2014-02-04,1,0,0,1,1.2057074657916476
02/06/2014,2014-02-06,2,0,0,2,1.4042805993437382
02/07/2014,2014-02-07,1,1,0,2,1.553210449507805
02/11/2014,2014-02-11,0,1,0,1,1.4149078371308528
02/12/2014,2014-02-12,0,1,0,1,1.3111808778481389
02/14/2014,2014-02-14,0,2,0,2,1.483385658386105
02/15/2014,2014-02-15,0,1,0,1,1.3625392437895782
02/20/2014,2014-02-20,3,0,0,3,1.7719044328421847
02/21/2014,2014-02-21,2,1,0,3,2.0789283246316392
02/24/2014,2014-02-24,1,0,0,1,1.8091962434737292
02/26/2014,2014-02-26,0,1,0,1,1.6068971826052967
02/27/2014,2014-02-27,1,0,0,1,1.4551728869539724
02/28/2014,2014-02-28,2,0,0,2,1.5913796652154795
03/03/2014,2014-03-03,1,2,0,3,1.9435347489116097
03/04/2014,2014-03-04,0,1,0,1,1.7076510616837073
03/06/2014,2014-03-06,1,0,0,1,1.5307382962627805
03/07/2014,2014-03-07,0,1,0,1,1.3980537221970852
03/10/2014,2014-03-10,1,2,0,3,1.7985402916478141
03/12/2014,2014-03-12,0,4,0,4,2.3489052187358603
03/14/2014,2014-03-14,0,1,0,1,2.011678914051895
03/18/2014,2014-03-18,2,0,0,2,2.008759185538921
03/25/2014,2014-03-25,0,3,0,3,2.256569389154191
03/26/2014,2014-03-26,1,1,0,2,2.1924270418656433
03/31/2014,2014-03-31,0,1,0,1,1.8943202813992324
04/01/2014,2014-04-01,1,0,0,1,1.6707402110494243
04/02/2014,2014-04-02,0,2,0,2,1.7530551582870684
04/07/2014,2014-04-07,0,1,0,1,1.5647913687153012
04/09/2014,2014-04-09,0,2,0,2,1.673593526536476
04/15/2014,2014-04-15,0,1,0,1,1.505195144902357
04/17/2014,2014-04-17,0,1,0,1,1.3788963586767677
04/22/2014,2014-04-22,0,1,0,1,1.2841722690075756
04/25/2014,2014-04-25,1,1,0,2,1.4631292017556816
04/28/2014,2014-04-28,0,1,0,1,1.3473469013167612
05/16/2014,2014-05-16,1,0,0,1,1.2605101759875708
05/19/2014,2014-05-19,0,1,0,1,1.195382631990678
05/21/2014,2014-05-21,1,0,0,1,1.1465369739930085
05/30/2014,2014-05-30,1,0,0,1,1.1099027304947564
06/01/2014,2014-06-01,0,1,0,1,1.0824270478710674
06/11/2014,2014-06-11,0,1,0,1,1.0618202859033004
06/13/2014,2014-06-13,0,1,0,1,1.0463652144274753
06/24/2014,2014-06-24,0,1,0,1,1.0347739108206064
07/01/2014,2014-07-01,2,0,0,2,1.2760804331154547
07/09/2014,2014-07-09,0,1,0,1,1.207060324836591
08/11/2014,2014-08-11,3,0,0,3,1.6552952436274433
08/14/2014,2014-08-14,1,0,0,1,1.4914714327205822
08/18/2014,2014-08-18,0,2,0,2,1.6186035745404368
08/20/2014,2014-08-20,2,0,0,2,1.7139526809053276
08/21/2014,2014-08-21,2,0,0,2,1.7854645106789957
08/23/2014,2014-08-23,1,0,0,1,1.5890983830092469
08/26/2014,2014-08-26,0,2,0,2,1.6918237872569353
08/27/2014,2014-08-27,2,0,0,2,1.7688678404427016
08/28/2014,2014-08-28,1,0,0,1,1.5766508803320263
09/01/2014,2014-09-01,6,2,0,8,3.1824881602490205
09/02/2014,2014-09-02,2,0,0,2,2.886866120186765
09/03/2014,2014-09-03,8,5,0,13,5.415149590140074
09/04/2014,2014-09-04,0,2,0,2,4.561362192605055
09/05/2014,2014-09-05,3,0,0,3,4.171021644453791
09/09/2014,2014-09-09,6,1,1,8,5.1282662333403435
09/10/2014,2014-09-10,1,0,0,1,4.096199675005257
09/12/2014,2014-09-12,7,0,0,7,4.8221497562539435
09/15/2014,2014-09-15,3,1,0,4,4.616612317190458
09/16/2014,2014-09-16,4,0,0,4,4.462459237892843
09/17/2014,2014-09-17,2,1,0,3,4.096844428419632
09/18/2014,2014-09-18,0,2,0,2,3.572633321314724
09/19/2014,2014-09-19,1,1,0,2,3.179474990986043
09/22/2014,2014-09-22,5,0,0,5,3.6346062432395323
09/23/2014,2014-09-23,1,0,0,1,2.975954682429649
09/24/2014,2014-09-24,3,2,0,5,3.481966011822237
09/25/2014,2014-09-25,1,0,0,1,2.8614745088666775
09/26/2014,2014-09-26,2,1,0,3,2.896105881650008
09/29/2014,2014-09-29,5,0,0,5,3.4220794112375064
09/30/2014,2014-09-30,1,2,0,3,3.3165595584281298
10/01/2014,2014-10-01,3,1,0,4,3.4874196688210977
10/02/2014,2014-10-02,1,0,0,1,2.865564751615823
10/03/2014,2014-10-03,4,1,0,5,3.3991735637118676
10/06/2014,2014-10-06,5,1,0,6,4.049380172783901
10/07/2014,2014-10-07,0,1,0,1,3.2870351295879257
10/08/2014,2014-10-08,1,1,0,2,2.965276347190944
10/09/2014,2014-10-09,4,0,0,4,3.2239572603932083
10/10/2014,2014-10-10,6,0,0,6,3.9179679452949063
10/13/2014,2014-10-13,2,2,0,4,3.9384759589711797
10/15/2014,2014-10-15,2,1,0,3,3.7038569692283847
10/16/2014,2014-10-16,3,1,0,4,3.7778927269212885
10/17/2014,2014-10-17,5,1,0,6,4.333419545190966
10/19/2014,2014-10-19,1,0,0,1,3.5000646588932245
10/20/2014,2014-10-20,2,1,0,3,3.3750484941699184
10/21/2014,2014-10-21,0,2,0,2,3.031286370627439
10/22/2014,2014-10-22,1,0,0,1,2.523464777970579
10/23/2014,2014-10-23,1,2,0,3,2.6425985834779344
10/24/2014,2014-10-24,3,2,0,5,3.2319489376084514
10/27/2014,2014-10-27,1,3,0,4,3.4239617032063387
10/28/2014,2014-10-28,3,0,0,3,3.3179712774047543
10/29/2014,2014-10-29,3,0,0,3,3.238478458053566
10/30/2014,2014-10-30,0,1,0,1,2.678858843540174
10/31/2014,2014-10-31,7,2,0,9,4.259144132655131
11/01/2014,2014-11-01,1,0,0,1,3.4443580994913483
11/03/2014,2014-11-03,3,0,0,3,3.3332685746185113
11/04/2014,2014-11-04,2,0,0,2,2.999951430963883
11/05/2014,2014-11-05,1,0,0,1,2.499963573222912
11/06/2014,2014-11-06,2,0,0,2,2.374972679917184
11/07/2014,2014-11-07,3,0,0,3,2.5312295099378876
11/10/2014,2014-11-10,1,0,0,1,2.148422132453416
11/12/2014,2014-11-12,1,0,0,1,1.8613165993400618
11/13/2014,2014-11-13,3,1,0,4,2.3959874495050464
11/14/2014,2014-11-14,1,0,0,1,2.046990587128785
11/15/2014,2014-11-15,0,1,0,1,1.7852429403465886
11/16/2014,2014-11-16,1,0,0,1,1.5889322052599415
11/17/2014,2014-11-17,5,1,0,6,2.691699153944956
11/18/2014,2014-11-18,1,1,0,2,2.518774365458717
11/20/2014,2014-11-20,2,2,0,4,2.8890807740940376
11/21/2014,2014-11-21,7,3,0,10,4.666810580570528
11/24/2014,2014-11-24,2,0,0,2,4.000107935427896
11/25/2014,2014-11-25,1,1,0,2,3.5000809515709217
11/27/2014,2014-11-27,1,0,0,1,2.8750607136781907
12/01/2014,2014-12-01,5,1,0,6,3.6562955352586433
12/02/2014,2014-12-02,1,0,0,1,2.992221651443982
12/05/2014,2014-12-05,0,2,0,2,2.7441662385829866
12/10/2014,2014-12-10,1,1,0,2,2.5581246789372396
12/11/2014,2014-12-11,2,1,0,3,2.6685935092029296
12/15/2014,2014-12-15,1,0,0,1,2.251445131902197
12/17/2014,2014-12-17,3,1,0,4,2.688583848926648
12/18/2014,2014-12-18,1,1,0,2,2.5164378866949857
12/19/2014,2014-12-19,1,1,0,2,2.3873284150212393
12/26/2014,2014-12-26,0,2,0,2,2.290496311265929
12/30/2014,2014-12-30,2,1,0,3,2.4678722334494467
01/01/2015,2015-01-01,0,1,0,1,2.1009041750870847
01/04/2015,2015-01-04,1,0,0,1,1.8256781313153134
01/05/2015,2015-01-05,0,1,0,1,1.6192585984864851
01/06/2015,2015-01-06,0,1,0,1,1.4644439488648637
01/07/2015,2015-01-07,1,1,0,2,1.598332961648648
01/13/2015,2015-01-13,1,0,0,1,1.4487497212364857
01/14/2015,2015-01-14,0,2,0,2,1.5865622909273644
01/15/2015,2015-01-15,5,1,0,6,2.6899217181955235
01/16/2015,2015-01-16,1,0,0,1,2.2674412886466424
01/20/2015,2015-01-20,0,2,0,2,2.200580966484982
01/22/2015,2015-01-22,2,1,0,3,2.4004357248637365
01/28/2015,2015-01-28,3,0,0,3,2.5503267936478022
02/02/2015,2015-02-02,1,0,0,1,2.162745095235852
02/06/2015,2015-02-06,0,1,0,1,1.8720588214268887
02/09/2015,2015-02-09,0,1,0,1,1.6540441160701667
02/10/2015,2015-02-10,0,2,0,2,1.740533087052625
02/12/2015,2015-02-12,1,0,0,1,1.5553998152894688
02/17/2015,2015-02-17,2,1,0,3,1.9165498614671017
02/24/2015,2015-02-24,0,1,0,1,1.6874123961003262
02/25/2015,2015-02-25,1,2,0,3,2.0155592970752445
02/26/2015,2015-02-26,0,1,0,1,1.7616694728064333
02/27/2015,2015-02-27,0,2,0,2,1.821252104604825
03/02/2015,2015-03-02,0,2,0,2,1.8659390784536187
03/03/2015,2015-03-03,1,1,0,2,1.899454308840214
03/05/2015,2015-03-05,0,2,0,2,1.9245907316301605
03/09/2015,2015-03-09,0,3,0,3,2.1934430487226204
03/10/2015,2015-03-10,1,0,0,1,1.8950822865419652
03/13/2015,2015-03-13,1,7,0,8,3.4213117149064747
03/15/2015,2015-03-15,1,0,0,1,2.8159837861798556
03/16/2015,2015-03-16,0,4,0,4,3.111987839634892
03/20/2015,2015-03-20,0,1,0,1,2.583990879726169
03/30/2015,2015-03-30,0,1,0,1,2.1879931597946265
03/31/2015,2015-03-31,0,1,0,1,1.8909948698459698
04/01/2015,2015-04-01,0,4,0,4,2.4182461523844774
04/02/2015,2015-04-02,0,1,0,1,2.063684614288358
04/08/2015,2015-04-08,0,2,0,2,2.047763460716268
04/09/2015,2015-04-09,1,1,1,3,2.285822595537201
04/11/2015,2015-04-11,1,0,0,1,1.9643669466529006
04/12/2015,2015-04-12,0,1,0,1,1.7232752099896755
04/13/2015,2015-04-13,1,0,0,1,1.5424564074922567
04/16/2015,2015-04-16,1,2,0,3,1.9068423056191925
04/21/2015,2015-04-21,0,2,0,2,1.9301317292143945
04/22/2015,2015-04-22,0,1,0,1,1.697598796910796
04/28/2015,2015-04-28,0,5,0,5,2.523199097683097
05/01/2015,2015-05-01,0,6,0,6,3.392399323262323
05/04/2015,2015-05-04,0,2,0,2,3.044299492446742
05/11/2015,2015-05-11,0,1,0,1,2.5332246193350563
05/27/2015,2015-05-27,0,2,0,2,2.399918464501292
06/01/2015,2015-06-01,0,3,0,3,2.549938848375969
06/04/2015,2015-06-04,0,1,0,1,2.1624541362819767
06/08/2015,2015-06-08,1,4,0,5,2.8718406022114826
06/17/2015,2015-06-17,1,0,0,1,2.403880451658612
06/18/2015,2015-06-18,0,1,0,1,2.052910338743959
06/19/2015,2015-06-19,1,0,0,1,1.7896827540579692
06/23/2015,2015-06-23,0,1,0,1,1.592262065543477
06/24/2015,2015-06-24,0,1,0,1,1.4441965491576076
06/30/2015,2015-06-30,0,2,0,2,1.5831474118682058
08/01/2015,2015-08-01,1,0,0,1,1.4373605589011542
08/10/2015,2015-08-10,2,0,0,2,1.5780204191758658
08/12/2015,2015-08-12,1,0,0,1,1.4335153143818993
08/13/2015,2015-08-13,0,1,0,1,1.3251364857864243
08/14/2015,2015-08-14,2,0,0,2,1.493852364339818
08/17/2015,2015-08-17,2,0,0,2,1.6203892732548637
08/18/2015,2015-08-18,1,0,0,1,1.4652919549411476
08/20/2015,2015-08-20,4,0,0,4,2.098968966205861
08/25/2015,2015-08-25,2,1,0,3,2.3242267246543955
08/26/2015,2015-08-26,1,0,0,1,1.9931700434907966
08/27/2015,2015-08-27,1,0,0,1,1.7448775326180974
08/28/2015,2015-08-28,3,0,0,3,2.058658149463573
08/31/2015,2015-08-31,1,1,0,2,2.0439936120976796
09/01/2015,2015-09-01,4,4,0,8,3.53299520907326
09/02/2015,2015-09-02,2,0,0,2,3.149746406804945
09/04/2015,2015-09-04,3,0,0,3,3.1123098051037092
09/08/2015,2015-09-08,1,1,0,2,2.834232353827782
09/09/2015,2015-09-09,1,0,0,1,2.375674265370836
09/11/2015,2015-09-11,5,1,0,6,3.2817556990281274
09/12/2015,2015-09-12,1,0,0,1,2.7113167742710953
09/14/2015,2015-09-14,2,0,0,2,2.5334875807033215
09/15/2015,2015-09-15,5,0,0,5,3.150115685527491
09/16/2015,2015-09-16,1,0,0,1,2.612586764145618
09/17/2015,2015-09-17,2,0,0,2,2.459440073109213
09/18/2015,2015-09-18,2,1,0,3,2.59458005483191
09/21/2015,2015-09-21,1,0,0,1,2.1959350411239322
09/22/2015,2015-09-22,4,0,0,4,2.646951280842949
09/23/2015,2015-09-23,5,0,0,5,3.2352134606322123
09/24/2015,2015-09-24,3,0,0,3,3.1764100954741594
09/25/2015,2015-09-25,7,2,0,9,4.63230757160562
09/26/2015,2015-09-26,2,0,0,2,3.9742306787042145
09/28/2015,2015-09-28,2,0,0,2,3.480673009028161
09/29/2015,2015-09-29,3,0,0,3,3.3605047567711206
09/30/2015,2015-09-30,1,0,0,1,2.7703785675783403
10/01/2015,2015-10-01,5,0,0,5,3.3277839256837556
10/02/2015,2015-10-02,4,2,0,6,3.9958379442628167
10/05/2015,2015-10-05,1,0,0,1,3.2468784581971124
10/06/2015,2015-10-06,3,0,0,3,3.1851588436478346
10/07/2015,2015-10-07,1,0,0,1,2.6388691327358758
10/08/2015,2015-10-08,3,3,0,6,3.479151849551907
10/09/2015,2015-10-09,1,3,0,4,3.6093638871639304
10/12/2015,2015-10-12,2,0,0,2,3.207022915372948
10/13/2015,2015-10-13,5,0,0,5,3.655267186529711
10/14/2015,2015-10-14,2,0,0,2,3.2414503898972833
10/15/2015,2015-10-15,2,2,0,4,3.4310877924229626
10/16/2015,2015-10-16,1,1,0,2,3.073315844317222
10/19/2015,2015-10-19,2,1,0,3,3.0549868832379166
10/20/2015,2015-10-20,3,0,0,3,3.0412401624284375
10/21/2015,2015-10-21,3,0,0,3,3.0309301218213283
10/22/2015,2015-10-22,0,0,1,1,2.523197591365996
10/23/2015,2015-10-23,1,0,0,1,2.1423981935244965
10/26/2015,2015-10-26,1,1,1,3,2.3567986451433725
10/27/2015,2015-10-27,2,1,0,3,2.5175989838575292
10/28/2015,2015-10-28,2,1,0,3,2.6381992378931467
10/29/2015,2015-10-29,3,0,0,3,2.72864942841986
10/30/2015,2015-10-30,1,0,0,1,2.296487071314895
11/01/2015,2015-11-01,4,3,0,7,3.4723653034861712
11/02/2015,2015-11-02,4,1,0,5,3.8542739776146284
11/03/2015,2015-11-03,1,0,0,1,3.1407054832109713
11/04/2015,2015-11-04,3,0,0,3,3.1055291124082287
11/05/2015,2015-11-05,1,2,0,3,3.079146834306172
11/06/2015,2015-11-06,3,0,0,3,3.0593601257296292
11/09/2015,2015-11-09,1,0,0,1,2.5445200942972215
11/10/2015,2015-11-10,0,1,0,1,2.1583900707229158
11/11/2015,2015-11-11,1,0,0,1,1.8687925530421867
11/12/2015,2015-11-12,2,1,0,3,2.15159441478164
11/13/2015,2015-11-13,1,0,0,1,1.8636958110862298
11/15/2015,2015-11-15,1,0,0,1,1.6477718583146723
11/19/2015,2015-11-19,3,0,0,3,1.9858288937360042
11/20/2015,2015-11-20,1,0,0,1,1.7393716703020032
11/21/2015,2015-11-21,0,1,0,1,1.5545287527265026
11/24/2015,2015-11-24,0,1,0,1,1.415896564544877
11/25/2015,2015-11-25,2,1,0,3,1.8119224234086577
12/01/2015,2015-12-01,1,0,0,1,1.6089418175564933
12/04/2015,2015-12-04,1,1,0,2,1.70670636316737
12/07/2015,2015-12-07,2,0,0,2,1.7800297723755276
12/11/2015,2015-12-11,1,0,0,1,1.5850223292816457
12/15/2015,2015-12-15,1,0,0,1,1.4387667469612342
12/16/2015,2015-12-16,0,1,0,1,1.3290750602209256
12/29/2015,2015-12-29,2,0,0,2,1.4968062951656942
01/01/2016,2016-01-01,0,2,0,2,1.6226047213742707
01/04/2016,2016-01-04,4,5,0,9,3.4669535410307035
01/06/2016,2016-01-06,0,1,0,1,2.8502151557730273
01/07/2016,2016-01-07,1,0,0,1,2.38766136682977
01/08/2016,2016-01-08,0,1,0,1,2.0407460251223273
01/11/2016,2016-01-11,1,0,0,1,1.7805595188417453
01/12/2016,2016-01-12,0,3,0,3,2.085419639131309
01/14/2016,2016-01-14,1,0,0,1,1.8140647293484817
01/20/2016,2016-01-20,0,1,0,1,1.6105485470113614
01/25/2016,2016-01-25,0,4,0,4,2.207911410258521
01/26/2016,2016-01-26,1,1,0,2,2.1559335576938907
01/27/2016,2016-01-27,1,0,0,1,1.866950168270418
01/28/2016,2016-01-28,1,0,0,1,1.6502126262028134
01/29/2016,2016-01-29,3,1,0,4,2.2376594696521104
02/01/2016,2016-02-01,2,0,0,2,2.1782446022390825
02/02/2016,2016-02-02,0,2,0,2,2.1336834516793117
02/08/2016,2016-02-08,0,1,0,1,1.8502625887594837
02/12/2016,2016-02-12,0,1,0,1,1.6376969415696128
02/17/2016,2016-02-17,0,1,0,1,1.4782727061772094
02/24/2016,2016-02-24,1,1,0,2,1.6087045296329072
02/26/2016,2016-02-26,1,0,0,1,1.4565283972246803
02/29/2016,2016-02-29,0,5,0,5,2.3423962979185107
03/01/2016,2016-03-01,1,0,0,1,2.0067972234388827
03/04/2016,2016-03-04,2,2,0,4,2.5050979175791617
03/08/2016,2016-03-08,0,1,0,1,2.128823438184371
03/09/2016,2016-03-09,1,0,0,1,1.8466175786382784
03/15/2016,2016-03-15,0,2,0,2,1.8849631839787089
03/29/2016,2016-03-29,0,2,0,2,1.9137223879840317
03/30/2016,2016-03-30,0,1,0,1,1.6852917909880238
03/31/2016,2016-03-31,1,0,0,1,1.5139688432410179
04/01/2016,2016-04-01,0,1,0,1,1.3854766324307632
04/07/2016,2016-04-07,0,1,0,1,1.2891074743230724
04/11/2016,2016-04-11,0,1,0,1,1.2168306057423042
04/12/2016,2016-04-12,0,1,0,1,1.1626229543067281
04/15/2016,2016-04-15,0,1,0,1,1.1219672157300462
04/21/2016,2016-04-21,0,2,0,2,1.3414754117975345
05/03/2016,2016-05-03,0,2,0,2,1.506106558848151
05/12/2016,2016-05-12,0,1,0,1,1.379579919136113
05/20/2016,2016-05-20,0,2,0,2,1.534684939352085
05/24/2016,2016-05-24,0,2,0,2,1.6510137045140638
06/13/2016,2016-06-13,0,2,0,2,1.7382602783855479
06/15/2016,2016-06-15,0,1,0,1,1.553695208789161
06/16/2016,2016-06-16,0,2,0,2,1.6652714065918708
06/24/2016,2016-06-24,0,1,0,1,1.498953554943903
07/07/2016,2016-07-07,0,1,0,1,1.3742151662079272
08/01/2016,2016-08-01,1,0,0,1,1.2806613746559452
08/26/2016,2016-08-26,1,0,0,1,1.2104960309919588
08/29/2016,2016-08-29,0,0,1,1,1.157872023243969
09/01/2016,2016-09-01,0,1,0,1,1.1184040174329766
09/11/2016,2016-09-11,20,9,0,29,8.088803013074735
09/12/2016,2016-09-12,1,0,0,1,6.316602259806051
09/13/2016,2016-09-13,1,0,0,1,4.9874516948545375
09/14/2016,2016-09-14,0,1,0,1,3.990588771140903
09/15/2016,2016-09-15,7,6,1,14,6.492941578355678
09/19/2016,2016-09-19,1,0,0,1,5.119706183766758
09/21/2016,2016-09-21,1,0,0,1,4.089779637825068
09/22/2016,2016-09-22,1,0,0,1,3.317334728368801
09/23/2016,2016-09-23,9,1,0,10,4.988001046276601
09/28/2016,2016-09-28,2,0,0,2,4.241000784707451
09/29/2016,2016-09-29,1,0,2,3,3.930750588530588
09/30/2016,2016-09-30,8,4,0,12,5.948062941397941
10/03/2016,2016-10-03,3,0,0,3,5.211047206048455
10/05/2016,2016-10-05,1,0,0,1,4.158285404536341
10/07/2016,2016-10-07,4,4,0,8,5.118714053402255
10/10/2016,2016-10-10,3,0,0,3,4.5890355400516905
10/11/2016,2016-10-11,2,0,0,2,3.9417766550387676
10/12/2016,2016-10-12,2,0,0,2,3.456332491279076
10/14/2016,2016-10-14,5,3,0,8,4.592249368459307
10/17/2016,2016-10-17,0,0,1,1,3.6941870263444803
10/18/2016,2016-10-18,1,1,0,2,3.2706402697583603
10/21/2016,2016-10-21,4,6,0,10,4.952980202318771
10/24/2016,2016-10-24,4,0,0,4,4.714735151739078
10/26/2016,2016-10-26,2,0,0,2,4.036051363804309
10/28/2016,2016-10-28,6,4,0,10,5.527038522853231
11/03/2016,2016-11-03,0,1,0,1,4.395278892139923
11/04/2016,2016-11-04,9,0,0,9,5.546459169104942
11/05/2016,2016-11-05,1,0,0,1,4.409844376828707
11/10/2016,2016-11-10,0,1,0,1,3.55738328262153
11/11/2016,2016-11-11,1,1,0,2,3.1680374619661475
11/14/2016,2016-11-14,4,0,0,4,3.3760280964746108
11/15/2016,2016-11-15,0,2,0,2,3.0320210723559584
11/18/2016,2016-11-18,1,3,0,4,3.274015804266969
11/22/2016,2016-11-22,0,2,0,2,2.9555118532002265
11/23/2016,2016-11-23,1,0,0,1,2.46663388990017
11/30/2016,2016-11-30,2,1,0,3,2.5999754174251275
12/02/2016,2016-12-02,0,1,0,1,2.1999815630688455
12/09/2016,2016-12-09,1,4,0,5,2.899986172301634
12/14/2016,2016-12-14,1,0,0,1,2.4249896292262254
12/16/2016,2016-12-16,2,1,0,3,2.568742221919669
12/18/2016,2016-12-18,1,0,0,1,2.1765566664397515
12/20/2016,2016-12-20,1,0,0,1,1.8824174998298135
12/23/2016,2016-12-23,0,4,0,4,2.4118131248723604
12/30/2016,2016-12-30,1,0,0,1,2.0588598436542704
01/06/2017,2017-01-06,0,2,0,2,2.0441448827407025
01/13/2017,2017-01-13,1,0,0,1,1.7831086620555268
01/20/2017,2017-01-20,0,7,0,7,3.087331496541646
01/23/2017,2017-01-23,0,1,0,1,2.565498622406234
01/26/2017,2017-01-26,0,1,0,1,2.1741239668046752
01/27/2017,2017-01-27,0,5,0,5,2.8805929751035064
02/03/2017,2017-02-03,0,3,0,3,2.9104447313276296
02/09/2017,2017-02-09,1,0,0,1,2.432833548495722
02/10/2017,2017-02-10,1,3,0,4,2.8246251613717916
02/16/2017,2017-02-16,0,1,0,1,2.3684688710288437
02/17/2017,2017-02-17,0,5,0,5,3.0263516532716332
02/24/2017,2017-02-24,1,2,0,3,3.019763739953725
02/28/2017,2017-02-28,2,0,0,2,2.7648228049652936
03/03/2017,2017-03-03,0,1,0,1,2.32361710372397
03/10/2017,2017-03-10,0,4,1,5,2.9927128277929773
03/17/2017,2017-03-17,0,2,0,2,2.7445346208447328
03/21/2017,2017-03-21,0,1,0,1,2.3084009656335494
03/23/2017,2017-03-23,0,1,0,1,1.981300724225162
03/24/2017,2017-03-24,1,1,0,2,1.9859755431688715
03/31/2017,2017-03-31,0,2,1,3,2.2394816573766536
04/07/2017,2017-04-07,1,1,0,2,2.17961124303249
04/14/2017,2017-04-14,0,3,0,3,2.3847084322743677
04/21/2017,2017-04-21,0,2,0,2,2.2885313242057754
05/02/2017,2017-05-02,0,1,0,1,1.9663984931543315
05/05/2017,2017-05-05,0,1,0,1,1.7247988698657486
05/07/2017,2017-05-07,1,0,0,1,1.5435991523993116
05/19/2017,2017-05-19,0,1,0,1,1.4076993642994835
05/22/2017,2017-05-22,0,1,0,1,1.3057745232246125
05/26/2017,2017-05-26,0,2,0,2,1.4793308924184594
06/02/2017,2017-06-02,0,1,0,1,1.3594981693138444
06/07/2017,2017-06-07,0,1,0,1,1.2696236269853831
06/15/2017,2017-06-15,0,3,0,3,1.7022177202390374
06/23/2017,2017-06-23,0,1,0,1,1.526663290179278
06/27/2017,2017-06-27,0,1,0,1,1.3949974676344583
08/03/2017,2017-08-03,1,0,0,1,1.2962481007258437
08/21/2017,2017-08-21,1,0,0,1,1.2221860755443827
08/24/2017,2017-08-24,2,0,0,2,1.416639556658287
09/01/2017,2017-09-01,1,0,0,1,1.3124796674937151
09/10/2017,2017-09-10,25,3,0,28,7.984359750620288
09/11/2017,2017-09-11,1,0,0,1,6.238269812965216
09/15/2017,2017-09-15,5,2,0,7,6.428702359723912
09/19/2017,2017-09-19,1,0,0,1,5.071526769792934
09/22/2017,2017-09-22,13,4,0,17,8.0536450773447
09/24/2017,2017-09-24,2,0,0,2,6.540233808008526
09/27/2017,2017-09-27,1,0,0,1,5.155175356006394
09/29/2017,2017-09-29,12,4,2,18,8.366381517004795
10/03/2017,2017-10-03,1,0,0,1,6.524786137753596
10/05/2017,2017-10-05,0,1,0,1,5.143589603315196
10/06/2017,2017-10-06,12,6,0,18,8.357692202486398
10/09/2017,2017-10-09,1,0,0,1,6.518269151864798
10/13/2017,2017-10-13,6,1,0,7,6.638701863898599
10/18/2017,2017-10-18,0,1,0,1,5.229026397923949
10/20/2017,2017-10-20,9,4,1,14,7.421769798442963
10/27/2017,2017-10-27,8,3,0,11,8.316327348832223
10/31/2017,2017-10-31,0,2,0,2,6.737245511624167
11/01/2017,2017-11-01,3,1,0,4,6.052934133718125
11/03/2017,2017-11-03,7,3,0,10,7.039700600288594
11/05/2017,2017-11-05,0,1,0,1,5.5297754502164445
11/07/2017,2017-11-07,1,0,0,1,4.397331587662333
11/09/2017,2017-11-09,0,3,0,3,4.047998690746749
11/10/2017,2017-11-10,5,2,0,7,4.785999018060061
11/15/2017,2017-11-15,0,1,0,1,3.839499263545046
11/16/2017,2017-11-16,1,0,0,1,3.1296244476587844
11/17/2017,2017-11-17,4,1,0,5,3.5972183357440883
11/18/2017,2017-11-18,1,0,0,1,2.947913751808066
11/20/2017,2017-11-20,1,1,0,2,2.7109353138560492
11/21/2017,2017-11-21,2,0,0,2,2.533201485392037
11/22/2017,2017-11-22,1,3,0,4,2.8999011140440274
11/29/2017,2017-11-29,0,1,0,1,2.4249258355330205
12/01/2017,2017-12-01,1,1,0,2,2.3186943766497654
12/08/2017,2017-12-08,4,2,0,6,3.2390207824873247
12/15/2017,2017-12-15,2,6,0,8,4.429265586865493
12/22/2017,2017-12-22,1,2,0,3,4.07194919014912
12/27/2017,2017-12-27,1,0,0,1,3.3039618926118397
12/29/2017,2017-12-29,4,0,0,4,3.4779714194588798
01/08/2018,2018-01-08,1,2,0,3,3.35847856459416
01/10/2018,2018-01-10,1,0,0,1,2.76885892344562
01/12/2018,2018-01-12,1,2,0,3,2.8266441925842147
01/17/2018,2018-01-17,2,0,0,2,2.619983144438161
01/19/2018,2018-01-19,1,4,0,5,3.214987358328621
01/20/2018,2018-01-20,0,2,0,2,2.911240518746465
01/24/2018,2018-01-24,2,0,0,2,2.6834303890598488
01/25/2018,2018-01-25,1,0,0,1,2.2625727917948866
01/26/2018,2018-01-26,0,5,0,5,2.9469295938461646
02/02/2018,2018-02-02,1,2,0,3,2.960197195384623
02/09/2018,2018-02-09,0,3,0,3,2.9701478965384673
02/15/2018,2018-02-15,1,0,0,1,2.4776109224038505
02/16/2018,2018-02-16,1,1,0,2,2.358208191802888
02/23/2018,2018-02-23,1,1,0,2,2.268656143852166
03/02/2018,2018-03-02,1,2,0,3,2.4514921078891247
03/09/2018,2018-03-09,1,4,0,5,3.088619080916844
03/16/2018,2018-03-16,1,4,0,5,3.5664643106876333
03/23/2018,2018-03-23,0,2,0,2,3.174848233015725
03/30/2018,2018-03-30,0,3,0,3,3.1311361747617936
04/06/2018,2018-04-06,0,2,0,2,2.848352131071345
04/11/2018,2018-04-11,1,0,0,1,2.3862640983035086
04/13/2018,2018-04-13,0,5,0,5,3.0396980737276316
04/20/2018,2018-04-20,0,1,0,1,2.5297735552957232
04/27/2018,2018-04-27,1,1,0,2,2.3973301664717925
05/04/2018,2018-05-04,3,2,0,5,3.0479976248538447
05/11/2018,2018-05-11,0,2,0,2,2.7859982186403833
05/18/2018,2018-05-18,0,2,0,2,2.5894986639802875
05/25/2018,2018-05-25,0,5,0,5,3.192123997985216
06/01/2018,2018-06-01,0,1,0,1,2.6440929984889117
06/08/2018,2018-06-08,0,1,0,1,2.2330697488666833
06/15/2018,2018-06-15,1,0,0,1,1.9248023116500124
06/29/2018,2018-06-29,0,1,0,1,1.6936017337375093
07/06/2018,2018-07-06,2,0,0,2,1.770201300303132
08/12/2018,2018-08-12,1,0,0,1,1.577650975227349
08/13/2018,2018-08-13,1,0,0,1,1.4332382314205117
08/19/2018,2018-08-19,1,0,0,1,1.3249286735653836
09/06/2018,2018-09-06,1,0,0,1,1.2436965051740376
09/09/2018,2018-09-09,3,0,0,3,1.6827723788805284
09/10/2018,2018-09-10,15,3,4,22,6.762079284160398
09/11/2018,2018-09-11,1,0,2,3,5.821559463120298
09/14/2018,2018-09-14,5,1,1,7,6.116169597340225
09/21/2018,2018-09-21,10,0,1,11,7.337127198005168
09/24/2018,2018-09-24,1,0,0,1,5.752845398503876
09/25/2018,2018-09-25,1,0,0,1,4.564634048877907
09/28/2018,2018-09-28,6,6,1,13,6.673475536658431
10/02/2018,2018-10-02,0,0,1,1,5.255106652493823
10/03/2018,2018-10-03,1,0,0,1,4.1913299893703675
10/05/2018,2018-10-05,9,4,0,13,6.393497492027777
10/12/2018,2018-10-12,7,4,3,14,8.295123119020833
10/19/2018,2018-10-19,7,1,0,8,8.221342339265624
10/25/2018,2018-10-25,1,0,0,1,6.416006754449217
10/26/2018,2018-10-26,5,3,1,9,7.062005065836913
11/01/2018,2018-11-01,0,1,0,1,5.546503799377684
11/02/2018,2018-11-02,3,1,0,4,5.159877849533262
11/09/2018,2018-11-09,2,3,0,5,5.1199083871499464
11/15/2018,2018-11-15,0,2,0,2,4.339931290362459
11/16/2018,2018-11-16,2,1,0,3,4.004948467771844
11/21/2018,2018-11-21,1,0,1,2,3.503711350828883
11/30/2018,2018-11-30,3,2,1,6,4.1277835131216625
12/03/2018,2018-12-03,0,1,0,1,3.3458376348412466
12/07/2018,2018-12-07,1,5,4,10,5.009378226130935
12/14/2018,2018-12-14,1,2,1,4,4.757033669598202
12/21/2018,2018-12-21,2,2,0,4,4.567775252198651
12/28/2018,2018-12-28,1,0,1,2,3.9258314391489884
01/03/2019,2019-01-03,0,2,0,2,3.4443735793617414
01/07/2019,2019-01-07,1,0,0,1,2.8332801845213056
01/11/2019,2019-01-11,2,3,0,5,3.3749601383909793
01/18/2019,2019-01-18,1,6,0,7,4.281220103793235
01/25/2019,2019-01-25,0,1,0,1,3.460915077844926
01/28/2019,2019-01-28,0,0,1,1,2.8456863083836943
02/01/2019,2019-02-01,2,1,1,4,3.134264731287771
02/08/2019,2019-02-08,1,3,3,7,4.100698548465829
02/10/2019,2019-02-10,1,0,0,1,3.3255239113493715
02/15/2019,2019-02-15,0,1,0,1,2.744142933512028
02/22/2019,2019-02-22,2,5,1,8,4.058107200134022
03/01/2019,2019-03-01,0,3,1,4,4.043580400100516
03/08/2019,2019-03-08,1,3,0,4,4.032685300075387
03/15/2019,2019-03-15,1,1,0,2,3.5245139750565397
03/21/2019,2019-03-21,0,1,0,1,2.8933854812924045
03/22/2019,2019-03-22,1,0,0,1,2.420039110969303
03/23/2019,2019-03-23,0,0,1,1,2.065029333226977
03/29/2019,2019-03-29,0,1,0,1,1.7987719999202327
04/12/2019,2019-04-12,0,2,0,2,1.8490789999401747
04/15/2019,2019-04-15,0,1,0,1,1.636809249955131
04/19/2019,2019-04-19,0,2,0,2,1.7276069374663483
05/10/2019,2019-05-10,0,5,0,5,2.5457052030997613
05/20/2019,2019-05-20,0,1,0,1,2.159278902324821
05/24/2019,2019-05-24,0,1,0,1,1.8694591767436157
05/31/2019,2019-05-31,0,2,0,2,1.902094382557712
06/14/2019,2019-06-14,0,0,1,1,1.676570786918284
06/21/2019,2019-06-21,1,0,0,1,1.5074280901887132
07/02/2019,2019-07-02,0,1,0,1,1.3805710676415348
08/20/2019,2019-08-20,1,0,0,1,1.285428300731151
08/29/2019,2019-08-29,2,0,0,2,1.4640712255483632
09/02/2019,2019-09-02,1,0,0,1,1.3480534191612723
09/03/2019,2019-09-03,1,0,0,1,1.261040064370954
09/09/2019,2019-09-09,1,1,0,2,1.4457800482782155
09/10/2019,2019-09-10,1,0,0,1,1.3343350362086615
09/11/2019,2019-09-11,1,1,0,2,1.5007512771564961
09/12/2019,2019-09-12,22,8,2,32,9.125563457867374
09/17/2019,2019-09-17,5,2,0,7,8.59417259340053
09/18/2019,2019-09-18,1,0,0,1,6.695629445050398
09/20/2019,2019-09-20,5,1,0,6,6.5217220837877985
09/27/2019,2019-09-27,7,4,0,11,7.641291562840849
10/01/2019,2019-10-01,0,1,0,1,5.980968672130636
10/02/2019,2019-10-02,0,1,0,1,4.735726504097977
10/04/2019,2019-10-04,5,2,1,8,5.5517948780734825
10/07/2019,2019-10-07,1,1,0,2,4.663846158555112
10/08/2019,2019-10-08,1,0,0,1,3.7478846189163337
10/10/2019,2019-10-10,3,3,1,7,4.560913464187251
10/11/2019,2019-10-11,1,1,0,2,3.9206850981404378
10/16/2019,2019-10-16,0,1,0,1,3.1905138236053285
10/17/2019,2019-10-17,0,1,0,1,2.6428853677039963
10/18/2019,2019-10-18,6,2,0,8,3.9821640257779976
10/21/2019,2019-10-21,1,1,0,2,3.486623019333498
10/22/2019,2019-10-22,1,0,0,1,2.864967264500123
10/23/2019,2019-10-23,4,0,0,4,3.148725448375093
10/25/2019,2019-10-25,2,1,0,3,3.1115440862813197
10/28/2019,2019-10-28,1,0,0,1,2.5836580647109897
10/29/2019,2019-10-29,0,1,0,1,2.187743548533242
11/01/2019,2019-11-01,1,1,0,2,2.1408076613999314
11/02/2019,2019-11-02,0,0,1,1,1.8556057460499484
11/03/2019,2019-11-03,1,0,0,1,1.6417043095374613
11/06/2019,2019-11-06,0,1,0,1,1.4812782321530957
11/07/2019,2019-11-07,3,2,1,6,2.610958674114822
11/08/2019,2019-11-08,1,1,0,2,2.458219005586116
11/11/2019,2019-11-11,0,1,0,1,2.093664254189587
11/13/2019,2019-11-13,1,0,0,1,1.8202481906421903
11/14/2019,2019-11-14,1,0,0,1,1.6151861429816428
11/15/2019,2019-11-15,1,1,0,2,1.7113896072362322
11/20/2019,2019-11-20,1,1,0,2,1.7835422054271743
11/21/2019,2019-11-21,0,1,0,1,1.5876566540703807
11/27/2019,2019-11-27,0,2,0,2,1.6907424905527857
12/01/2019,2019-12-01,0,2,0,2,1.7680568679145894
12/06/2019,2019-12-06,1,5,0,6,2.826042650935942
12/07/2019,2019-12-07,1,0,0,1,2.3695319882019565
12/09/2019,2019-12-09,0,1,0,1,2.0271489911514675
12/12/2019,2019-12-12,0,3,0,3,2.2703617433636007
12/15/2019,2019-12-15,1,0,0,1,1.9527713075227005
12/17/2019,2019-12-17,1,1,0,2,1.9645784806420254
12/20/2019,2019-12-20,1,2,1,4,2.4734338604815194
12/26/2019,2019-12-26,1,0,0,1,2.105075395361139
01/03/2020,2020-01-03,1,0,0,1,1.8288065465208543
01/04/2020,2020-01-04,1,0,0,1,1.6216049098906407
01/10/2020,2020-01-10,2,2,0,4,2.2162036824179805
01/17/2020,2020-01-17,1,1,0,2,2.1621527618134855
01/21/2020,2020-01-21,0,1,0,1,1.871614571360114
01/24/2020,2020-01-24,1,2,0,3,2.1537109285200855
01/31/2020,2020-01-31,1,2,0,3,2.365283196390064
02/01/2020,2020-02-01,0,1,0,1,2.023962397292548
02/07/2020,2020-02-07,0,1,0,1,1.7679717979694107
02/12/2020,2020-02-12,1,0,0,1,1.575978848477058
02/14/2020,2020-02-14,0,1,0,1,1.4319841363577934
02/20/2020,2020-02-20,0,1,0,1,1.323988102268345
02/21/2020,2020-02-21,0,2,0,2,1.4929910767012589
02/27/2020,2020-02-27,0,3,0,3,1.8697433075259442
02/28/2020,2020-02-28,0,1,0,1,1.6523074806444582
03/05/2020,2020-03-05,0,3,0,3,1.9892306104833437
03/10/2020,2020-03-10,0,1,0,1,1.7419229578625077
03/11/2020,2020-03-11,0,1,0,1,1.556442218396881
03/23/2020,2020-03-23,0,1,0,1,1.4173316637976605
03/26/2020,2020-03-26,0,1,0,1,1.3129987478482452
04/03/2020,2020-04-03,1,0,1,2,1.4847490608861837
04/17/2020,2020-04-17,1,0,0,1,1.3635617956646378
05/01/2020,2020-05-01,0,2,0,2,1.5226713467484785
05/15/2020,2020-05-15,0,2,0,2,1.642003510061359
06/03/2020,2020-06-03,0,1,0,1,1.4815026325460192
06/05/2020,2020-06-05,0,1,0,1,1.3611269744095142
06/10/2020,2020-06-10,1,3,0,4,2.020845230807136
07/01/2020,2020-07-01,0,1,0,1,1.765633923105352
07/17/2020,2020-07-17,0,1,0,1,1.574225442329014
09/07/2020,2020-09-07,3,3,0,6,2.680669081746761
09/16/2020,2020-09-16,5,0,0,5,3.2605018113100708
09/17/2020,2020-09-17,1,0,0,1,2.695376358482553
09/18/2020,2020-09-18,1,1,0,2,2.5215322688619146
09/23/2020,2020-09-23,2,1,0,3,2.6411492016464355
09/25/2020,2020-09-25,3,0,0,3,2.7308619012348267
09/30/2020,2020-09-30,1,1,0,2,2.5481464259261197
10/01/2020,2020-10-01,1,0,0,1,2.1611098194445897
10/02/2020,2020-10-02,1,0,0,1,1.8708323645834422
10/06/2020,2020-10-06,1,0,0,1,1.6531242734375817
10/11/2020,2020-10-11,2,4,0,6,2.7398432050781865
10/18/2020,2020-10-18,4,0,0,4,3.05488240380864
10/20/2020,2020-10-20,2,0,0,2,2.7911618028564797
10/23/2020,2020-10-23,1,1,0,2,2.5933713521423596
10/25/2020,2020-10-25,2,0,0,2,2.44502851410677
10/26/2020,2020-10-26,0,1,0,1,2.0837713855800772
10/27/2020,2020-10-27,0,1,0,1,1.8128285391850578
10/28/2020,2020-10-28,3,0,0,3,2.1096214043887933
10/29/2020,2020-10-29,2,0,0,2,2.082216053291595
11/03/2020,2020-11-03,2,0,0,2,2.0616620399686965
11/05/2020,2020-11-05,1,0,0,1,1.7962465299765222
11/12/2020,2020-11-12,3,0,0,3,2.0971848974823915
11/16/2020,2020-11-16,0,1,0,1,1.8228886731117935
11/17/2020,2020-11-17,1,1,0,2,1.867166504833845
11/20/2020,2020-11-20,1,0,0,1,1.6503748786253838
11/23/2020,2020-11-23,1,0,0,1,1.4877811589690377
11/24/2020,2020-11-24,1,0,0,1,1.3658358692267782
12/01/2020,2020-12-01,2,0,0,2,1.524376901920084
12/03/2020,2020-12-03,1,0,0,1,1.3932826764400628
12/10/2020,2020-12-10,1,1,0,2,1.5449620073300472
12/12/2020,2020-12-12,1,0,0,1,1.4087215054975353
12/18/2020,2020-12-18,1,0,0,1,1.3065411291231515
12/24/2020,2020-12-24,3,1,0,4,1.9799058468423638
01/08/2021,2021-01-08,2,2,0,4,2.484929385131773
01/09/2021,2021-01-09,1,0,0,1,2.1136970388488296
01/15/2021,2021-01-15,2,4,0,6,3.0852727791366226
01/21/2021,2021-01-21,0,1,0,1,2.5639545843524667
01/27/2021,2021-01-27,1,1,0,2,2.42296593826435
02/09/2021,2021-02-09,0,2,0,2,2.317224453698262
02/12/2021,2021-02-12,0,2,0,2,2.2379183402736964
02/22/2021,2021-02-22,1,0,0,1,1.9284387552052722
02/25/2021,2021-02-25,1,1,0,2,1.946329066403954
02/28/2021,2021-02-28,0,1,0,1,1.7097467998029656
03/03/2021,2021-03-03,1,0,0,1,1.5323100998522243
03/05/2021,2021-03-05,3,3,0,6,2.6492325748891683
03/12/2021,2021-03-12,0,5,0,5,3.2369244311668766
03/13/2021,2021-03-13,0,1,0,1,2.677693323375157
03/15/2021,2021-03-15,0,1,0,1,2.2582699925313676
03/17/2021,2021-03-17,1,2,0,3,2.4437024943985257
03/19/2021,2021-03-19,0,1,0,1,2.0827768707988943
03/25/2021,2021-03-25,1,3,0,4,2.562082653099171
03/26/2021,2021-03-26,0,2,0,2,2.421561989824378
04/02/2021,2021-04-02,0,6,0,6,3.3161714923682837
04/04/2021,2021-04-04,0,1,0,1,2.7371286192762123
04/08/2021,2021-04-08,1,0,0,1,2.302846464457159
04/10/2021,2021-04-10,0,1,0,1,1.9771348483428692
04/14/2021,2021-04-14,0,2,0,2,1.982851136257152
04/20/2021,2021-04-20,1,0,0,1,1.737138352192864
04/22/2021,2021-04-22,0,2,0,2,1.802853764144648
04/27/2021,2021-04-27,0,1,0,1,1.602140323108486
04/30/2021,2021-04-30,0,2,0,2,1.7016052423313646
05/03/2021,2021-05-03,0,1,0,1,1.5262039317485234
05/05/2021,2021-05-05,1,0,0,1,1.3946529488113923
05/13/2021,2021-05-13,0,1,0,1,1.2959897116085441
05/14/2021,2021-05-14,0,2,0,2,1.4719922837064081
05/18/2021,2021-05-18,0,3,0,3,1.8539942127798061
05/19/2021,2021-05-19,0,3,0,3,2.1404956595848543
05/20/2021,2021-05-20,0,1,0,1,1.8553717446886406
05/28/2021,2021-05-28,0,1,0,1,1.6415288085164805
06/04/2021,2021-06-04,0,2,0,2,1.7311466063873604
06/07/2021,2021-06-07,0,1,0,1,1.5483599547905205
06/08/2021,2021-06-08,0,2,0,2,1.6612699660928905
06/14/2021,2021-06-14,0,1,0,1,1.4959524745696677
06/21/2021,2021-06-21,0,1,0,1,1.3719643559272507
06/30/2021,2021-06-30,0,2,0,2,1.5289732669454381
07/06/2021,2021-07-06,0,1,0,1,1.3967299502090784
07/29/2021,2021-07-29,0,1,0,1,1.2975474626568086
08/24/2021,2021-08-24,0,1,0,1,1.2231605969926063
08/30/2021,2021-08-30,2,1,0,3,1.6673704477444549
09/01/2021,2021-09-01,1,0,0,1,1.5005278358083411
09/08/2021,2021-09-08,5,3,0,8,3.125395876856256
09/09/2021,2021-09-09,0,1,0,1,2.5940469076421917
09/10/2021,2021-09-10,1,0,0,1,2.195535180731644
09/13/2021,2021-09-13,1,1,0,2,2.146651385548733
09/14/2021,2021-09-14,2,1,0,3,2.3599885391615496
09/15/2021,2021-09-15,2,0,0,2,2.269991404371162
09/16/2021,2021-09-16,0,1,0,1,1.9524935532783714
09/17/2021,2021-09-17,1,0,0,1,1.7143701649587786
09/20/2021,2021-09-20,2,2,0,4,2.2857776237190843
09/22/2021,2021-09-22,3,1,0,4,2.714333217789313
09/23/2021,2021-09-23,1,0,0,1,2.2857499133419847
09/24/2021,2021-09-24,2,0,0,2,2.2143124350064887
09/25/2021,2021-09-25,5,1,0,6,3.160734326254867
09/29/2021,2021-09-29,2,3,0,5,3.6205507446911502
09/30/2021,2021-09-30,3,0,0,3,3.465413058518363
10/03/2021,2021-10-03,1,0,0,1,2.849059793888772
10/05/2021,2021-10-05,3,0,0,3,2.886794845416579
10/09/2021,2021-10-09,3,2,0,5,3.4150961340624346
10/10/2021,2021-10-10,0,1,0,1,2.8113221005468256
10/11/2021,2021-10-11,2,0,0,2,2.608491575410119
10/14/2021,2021-10-14,2,0,0,2,2.456368681557589
10/18/2021,2021-10-18,0,1,0,1,2.092276511168192
10/19/2021,2021-10-19,0,1,0,1,1.8192073833761437
10/20/2021,2021-10-20,1,0,0,1,1.6144055375321078
10/21/2021,2021-10-21,4,0,0,4,2.210804153149081
10/25/2021,2021-10-25,2,0,0,2,2.158103114861811
10/27/2021,2021-10-27,2,1,0,3,2.368577336146358
10/28/2021,2021-10-28,1,0,0,1,2.0264330021097687
11/01/2021,2021-11-01,2,0,0,2,2.0198247515823264
11/02/2021,2021-11-02,1,0,0,1,1.7648685636867447
11/03/2021,2021-11-03,3,1,0,4,2.323651422765059
11/04/2021,2021-11-04,0,3,0,3,2.492738567073794
11/05/2021,2021-11-05,1,1,0,2,2.3695539253053455
11/07/2021,2021-11-07,1,0,0,1,2.0271654439790088
11/09/2021,2021-11-09,1,4,0,5,2.7703740829842567
11/11/2021,2021-11-11,3,1,0,4,3.0777805622381926
11/12/2021,2021-11-12,2,2,0,4,3.3083354216786445
11/15/2021,2021-11-15,1,0,0,1,2.731251566258983
11/16/2021,2021-11-16,0,1,0,1,2.2984386746942373
11/17/2021,2021-11-17,3,3,0,6,3.2238290060206785
11/18/2021,2021-11-18,0,1,0,1,2.6678717545155086
11/19/2021,2021-11-19,1,1,0,2,2.5009038158866312
11/26/2021,2021-11-26,0,1,0,1,2.125677861914973
11/27/2021,2021-11-27,1,1,0,2,2.09425839643623
11/30/2021,2021-11-30,2,2,0,4,2.570693797327172
12/01/2021,2021-12-01,1,0,0,1,2.178020347995379
12/05/2021,2021-12-05,2,3,0,5,2.883515260996534
12/07/2021,2021-12-07,0,3,0,3,2.9126364457474003
12/08/2021,2021-12-08,1,0,0,1,2.43447733431055
12/09/2021,2021-12-09,2,0,0,2,2.3258580007329126
12/12/2021,2021-12-12,1,0,0,1,1.9943935005496845
12/14/2021,2021-12-14,1,2,0,3,2.2457951254122634
12/20/2021,2021-12-20,2,4,0,6,3.1843463440591977
12/26/2021,2021-12-26,2,2,0,4,3.3882597580443985
12/29/2021,2021-12-29,1,0,0,1,2.7911948185332984
01/03/2022,2022-01-03,1,0,0,1,2.3433961138999737
01/04/2022,2022-01-04,0,1,0,1,2.00754708542498
01/07/2022,2022-01-07,1,1,0,2,2.005660314068735
01/16/2022,2022-01-16,1,1,0,2,2.004245235551551
01/20/2022,2022-01-20,0,3,0,3,2.2531839266636635
01/24/2022,2022-01-24,0,1,0,1,1.9398879449977475
01/25/2022,2022-01-25,1,1,0,2,1.9549159587483107
01/27/2022,2022-01-27,0,1,0,1,1.716186969061233
02/01/2022,2022-02-01,0,2,0,2,1.7871402267959249
02/02/2022,2022-02-02,0,2,0,2,1.8403551700969436
02/03/2022,2022-02-03,0,1,0,1,1.6302663775727078
02/05/2022,2022-02-05,1,0,0,1,1.4726997831795308
02/07/2022,2022-02-07,0,1,0,1,1.354524837384648
02/10/2022,2022-02-10,0,3,0,3,1.765893628038486
02/18/2022,2022-02-18,3,4,0,7,3.074420221028865
02/22/2022,2022-02-22,0,3,0,3,3.055815165771649
02/23/2022,2022-02-23,1,0,0,1,2.5418613743287364
02/24/2022,2022-02-24,1,0,0,1,2.1563960307465524
02/28/2022,2022-02-28,0,1,0,1,1.8672970230599142
03/02/2022,2022-03-02,1,1,0,2,1.9004727672949357
03/06/2022,2022-03-06,1,2,0,3,2.175354575471202
03/08/2022,2022-03-08,0,1,0,1,1.8815159316034014
03/09/2022,2022-03-09,1,1,0,2,1.9111369487025511
03/10/2022,2022-03-10,1,2,0,3,2.1833527115269136
03/17/2022,2022-03-17,0,3,0,3,2.387514533645185
03/23/2022,2022-03-23,0,4,0,4,2.7906359002338887
03/25/2022,2022-03-25,0,2,0,2,2.5929769251754164
03/29/2022,2022-03-29,0,3,0,3,2.694732693881562
03/30/2022,2022-03-30,0,1,0,1,2.2710495204111716
04/05/2022,2022-04-05,1,1,0,2,2.2032871403083787
04/07/2022,2022-04-07,0,1,0,1,1.902465355231284
04/11/2022,2022-04-11,0,1,0,1,1.676849016423463
04/13/2022,2022-04-13,0,4,0,4,2.2576367623175977
04/19/2022,2022-04-19,0,1,0,1,1.9432275717381982
04/25/2022,2022-04-25,0,3,0,3,2.2074206788036483
04/26/2022,2022-04-26,1,0,0,1,1.9055655091027361
05/04/2022,2022-05-04,1,5,0,6,2.929174131827052
05/09/2022,2022-05-09,0,2,0,2,2.696880598870289
05/13/2022,2022-05-13,1,1,0,2,2.5226604491527165
05/19/2022,2022-05-19,0,1,0,1,2.1419953368645372
05/20/2022,2022-05-20,0,1,0,1,1.8564965026484028
05/25/2022,2022-05-25,0,1,0,1,1.6423723769863021
05/26/2022,2022-05-26,0,1,0,1,1.4817792827397265
05/27/2022,2022-05-27,0,1,0,1,1.3613344620547947
05/30/2022,2022-05-30,0,5,0,5,2.2710008465410962
06/02/2022,2022-06-02,0,1,0,1,1.953250634905822
06/13/2022,2022-06-13,0,2,0,2,1.9649379761793666
06/22/2022,2022-06-22,0,1,0,1,1.723703482134525
08/17/2022,2022-08-17,1,0,0,1,1.5427776116008938
08/29/2022,2022-08-29,1,0,0,1,1.4070832087006702
09/01/2022,2022-09-01,4,2,0,6,2.555312406525503
09/06/2022,2022-09-06,1,0,0,1,2.166484304894127
09/08/2022,2022-09-08,1,0,0,1,1.874863228670595
09/12/2022,2022-09-12,2,1,0,3,2.1561474215029466
09/14/2022,2022-09-14,4,0,0,4,2.61711056612721
09/15/2022,2022-09-15,1,4,0,5,3.212832924595408
09/16/2022,2022-09-16,2,1,0,3,3.159624693446556
09/19/2022,2022-09-19,1,2,0,3,3.119718520084917
09/20/2022,2022-09-20,2,0,0,2,2.8397888900636876
09/22/2022,2022-09-22,4,1,0,5,3.379841667547766
09/24/2022,2022-09-24,0,1,0,1,2.784881250660824
09/28/2022,2022-09-28,4,3,0,7,3.8386609379956185
10/02/2022,2022-10-02,0,1,0,1,3.128995703496714
10/04/2022,2022-10-04,3,1,0,4,3.3467467776225357
10/05/2022,2022-10-05,2,0,0,2,3.010060083216902
10/06/2022,2022-10-06,2,0,0,2,2.7575450624126763
10/10/2022,2022-10-10,7,2,0,9,4.318158796809508
10/11/2022,2022-10-11,2,0,0,2,3.7386190976071307
10/13/2022,2022-10-13,4,3,0,7,4.553964323205348
10/18/2022,2022-10-18,4,5,0,9,5.665473242404011
10/20/2022,2022-10-20,1,0,0,1,4.499104931803008
10/21/2022,2022-10-21,0,2,0,2,3.874328698852256
10/26/2022,2022-10-26,2,2,0,4,3.9057465241391918
10/27/2022,2022-10-27,1,0,0,1,3.179309893104394
10/28/2022,2022-10-28,2,0,0,2,2.884482419828295
11/01/2022,2022-11-01,2,4,0,6,3.6633618148712217
11/05/2022,2022-11-05,1,2,0,3,3.4975213611534164
11/08/2022,2022-11-08,7,0,0,7,4.373141020865062
11/09/2022,2022-11-09,0,1,0,1,3.5298557656487963
11/11/2022,2022-11-11,2,2,0,4,3.6473918242365975
11/14/2022,2022-11-14,1,1,0,2,3.235543868177448
11/15/2022,2022-11-15,1,0,0,1,2.6766579011330855
11/17/2022,2022-11-17,1,2,0,3,2.757493425849814
11/18/2022,2022-11-18,1,1,0,2,2.5681200693873603
11/20/2022,2022-11-20,1,1,0,2,2.42609005204052
11/22/2022,2022-11-22,8,1,0,9,4.06956753903039
11/28/2022,2022-11-28,1,2,0,3,3.8021756542727925
11/29/2022,2022-11-29,2,0,0,2,3.3516317407045944
12/02/2022,2022-12-02,0,1,0,1,2.7637238055284454
12/04/2022,2022-12-04,1,0,0,1,2.322792854146334
12/05/2022,2022-12-05,1,0,0,1,1.9920946406097504
12/08/2022,2022-12-08,0,3,0,3,2.244070980457313
12/20/2022,2022-12-20,3,3,0,6,3.1830532353429852
01/04/2023,2023-01-04,1,0,0,1,2.6372899265072385
01/10/2023,2023-01-10,2,1,0,3,2.7279674448804285
01/16/2023,2023-01-16,1,2,0,3,2.7959755836603213
01/19/2023,2023-01-19,1,1,0,2,2.5969816877452407
01/27/2023,2023-01-27,0,3,0,3,2.6977362658089303
02/02/2023,2023-02-02,2,2,0,4,3.023302199356698
02/09/2023,2023-02-09,2,1,0,3,3.0174766495175236
02/16/2023,2023-02-16,0,1,0,1,2.5131074871381425
02/17/2023,2023-02-17,0,3,0,3,2.6348306153536067
02/27/2023,2023-02-27,0,2,0,2,2.476122961515205
03/08/2023,2023-03-08,0,5,0,5,3.107092221136404
03/10/2023,2023-03-10,0,2,0,2,2.830319165852303
03/17/2023,2023-03-17,0,1,0,1,2.372739374389227
03/22/2023,2023-03-22,0,2,0,2,2.2795545307919203
03/24/2023,2023-03-24,0,1,0,1,1.95966589809394
03/29/2023,2023-03-29,1,1,0,2,1.9697494235704551
04/11/2023,2023-04-11,0,3,0,3,2.227312067677841
04/18/2023,2023-04-18,0,2,0,2,2.1704840507583807
05/01/2023,2023-05-01,0,2,0,2,2.1278630380687855
05/10/2023,2023-05-10,1,3,0,4,2.5958972785515892
05/16/2023,2023-05-16,2,4,0,6,3.4469229589136923
05/23/2023,2023-05-23,0,1,0,1,2.8351922191852688
06/05/2023,2023-06-05,0,2,0,2,2.6263941643889512
06/13/2023,2023-06-13,0,3,0,3,2.7197956232917133
06/23/2023,2023-06-23,0,2,0,2,2.5398467174687847
07/05/2023,2023-07-05,0,1,0,1,2.1548850381015883
08/01/2023,2023-08-01,1,0,0,1,1.866163778576191
08/10/2023,2023-08-10,1,0,0,1,1.6496228339321433
08/28/2023,2023-08-28,1,0,0,1,1.4872171254491073
09/01/2023,2023-09-01,4,3,0,7,2.8654128440868307
09/08/2023,2023-09-08,6,2,0,8,4.149059633065123
09/09/2023,2023-09-09,1,0,0,1,3.3617947247988424
09/12/2023,2023-09-12,2,1,0,3,3.271346043599132
09/13/2023,2023-09-13,1,0,0,1,2.703509532699349
09/14/2023,2023-09-14,0,2,0,2,2.5276321495245115
09/18/2023,2023-09-18,6,4,0,10,4.395724112143384
09/24/2023,2023-09-24,2,0,0,2,3.796793084107538
09/26/2023,2023-09-26,7,0,0,7,4.597594813080653
09/30/2023,2023-09-30,5,3,0,8,5.44819610981049
10/02/2023,2023-10-02,1,0,0,1,4.336147082357867
10/03/2023,2023-10-03,3,3,0,6,4.7521103117684005
10/05/2023,2023-10-05,2,0,0,2,4.0640827338263
10/06/2023,2023-10-06,0,1,0,1,3.298062050369725
10/09/2023,2023-10-09,3,0,0,3,3.223546537777294
10/12/2023,2023-10-12,3,0,0,3,3.1676599033329707
10/16/2023,2023-10-16,2,0,0,2,2.8757449274997278
10/19/2023,2023-10-19,2,0,0,2,2.656808695624796
10/20/2023,2023-10-20,1,0,0,1,2.2426065217185966
10/22/2023,2023-10-22,4,1,0,5,2.9319548912889473
10/30/2023,2023-10-30,8,0,0,8,4.19896616846671
11/07/2023,2023-11-07,7,6,0,13,6.399224626350033
11/08/2023,2023-11-08,0,1,0,1,5.049418469762524
11/13/2023,2023-11-13,7,2,0,9,6.037063852321894
11/17/2023,2023-11-17,0,1,0,1,4.77779788924142
11/27/2023,2023-11-27,4,0,0,4,4.583348416931065
11/30/2023,2023-11-30,1,0,0,1,3.6875113126982986
12/04/2023,2023-12-04,2,0,0,2,3.265633484523724
12/13/2023,2023-12-13,4,2,0,6,3.949225113392793
12/19/2023,2023-12-19,3,2,0,5,4.211918835044595
01/02/2024,2024-01-02,1,0,0,1,3.408939126283446
01/05/2024,2024-01-05,0,2,0,2,3.0567043447125846
01/10/2024,2024-01-10,2,3,0,5,3.5425282585344386
01/15/2024,2024-01-15,1,1,0,2,3.156896193900829
01/24/2024,2024-01-24,3,3,0,6,3.867672145425622
01/29/2024,2024-01-29,1,0,0,1,3.1507541090692164
02/08/2024,2024-02-08,0,3,0,3,3.1130655818019126
02/15/2024,2024-02-15,4,3,0,7,4.084799186351435
02/21/2024,2024-02-21,0,1,0,1,3.313599389763576
03/11/2024,2024-03-11,1,11,0,12,5.485199542322682
03/25/2024,2024-03-25,0,1,0,1,4.363899656742011
03/26/2024,2024-03-26,0,2,0,2,3.772924742556508
04/02/2024,2024-04-02,0,3,0,3,3.579693556917381
04/14/2024,2024-04-14,0,2,0,2,3.184770167688036
04/18/2024,2024-04-18,0,4,0,4,3.388577625766027
04/25/2024,2024-04-25,0,1,0,1,2.79143321932452
04/30/2024,2024-04-30,0,1,0,1,2.3435749144933897
05/09/2024,2024-05-09,0,1,0,1,2.0076811858700423
05/30/2024,2024-05-30,1,4,0,5,2.7557608894025316
06/05/2024,2024-06-05,0,1,0,1,2.3168206670518985
06/26/2024,2024-06-26,1,0,0,1,1.9876155002889238
08/20/2024,2024-08-20,9,5,0,14,4.990711625216693
08/24/2024,2024-08-24,0,1,0,1,3.9930337189125193
08/26/2024,2024-08-26,1,1,0,2,3.4947752891843895
09/02/2024,2024-09-02,1,0,0,1,2.871081466888292
09/05/2024,2024-09-05,3,0,0,3,2.903311100166219
09/09/2024,2024-09-09,7,1,0,8,4.177483325124665
09/12/2024,2024-09-12,7,1,0,8,5.133112493843498
09/16/2024,2024-09-16,2,1,0,3,4.599834370382623
09/17/2024,2024-09-17,1,0,0,1,3.699875777786967
09/19/2024,2024-09-19,1,1,0,2,3.2749068333402254
09/20/2024,2024-09-20,7,0,0,7,4.20618012500517
09/23/2024,2024-09-23,1,0,0,1,3.404635093753877
09/24/2024,2024-09-24,1,0,0,1,2.8034763203154074
09/25/2024,2024-09-25,3,0,0,3,2.8526072402365554
10/01/2024,2024-10-01,2,4,0,6,3.6394554301774167
10/02/2024,2024-10-02,0,2,0,2,3.2295915726330624
10/07/2024,2024-10-07,3,0,0,3,3.172193679474797
10/09/2024,2024-10-09,2,2,0,4,3.379145259606098
10/14/2024,2024-10-14,2,2,0,4,3.5343589447045733
10/21/2024,2024-10-21,8,2,0,10,5.15076920852843
10/22/2024,2024-10-22,2,0,0,2,4.363076906396322
10/29/2024,2024-10-29,5,3,0,8,5.272307679797241
11/04/2024,2024-11-04,2,0,0,2,4.45423075984793
11/05/2024,2024-11-05,3,5,0,8,5.3406730698859475
11/08/2024,2024-11-08,1,0,0,1,4.25550480241446
11/11/2024,2024-11-11,2,3,0,5,4.441628601810845
11/14/2024,2024-11-14,2,0,0,2,3.8312214513581337
11/18/2024,2024-11-18,0,1,0,1,3.1234160885186
11/26/2024,2024-11-26,1,1,0,2,2.84256206638895
11/27/2024,2024-11-27,1,3,0,4,3.1319215497917128
12/05/2024,2024-12-05,2,3,0,5,3.5989411623437846
12/06/2024,2024-12-06,0,1,0,1,2.949205871757838
12/10/2024,2024-12-10,2,0,0,2,2.7119044038183784
12/11/2024,2024-12-11,0,2,0,2,2.533928302863784
12/17/2024,2024-12-17,1,1,0,2,2.4004462271478375
12/24/2024,2024-12-24,0,3,0,3,2.550334670360878
01/15/2025,2025-01-15,0,3,0,3,2.662751002770658
01/16/2025,2025-01-16,1,2,0,3,2.7470632520779934
01/21/2025,2025-01-21,2,0,0,2,2.5602974390584947
01/23/2025,2025-01-23,2,1,0,3,2.6702230792938706
01/25/2025,2025-01-25,1,1,0,2,2.502667309470403
01/30/2025,2025-01-30,0,1,0,1,2.127000482102802
02/06/2025,2025-02-06,2,5,0,7,3.3452503615771016
02/19/2025,2025-02-19,0,1,0,1,2.758937771182826
03/05/2025,2025-03-05,0,3,0,3,2.819203328387119
03/07/2025,2025-03-07,0,2,0,2,2.614402496290339
03/11/2025,2025-03-11,1,1,0,2,2.4608018722177545
03/21/2025,2025-03-21,1,2,0,3,2.595601404163316
04/03/2025,2025-04-03,0,1,0,1,2.196701053122487
04/08/2025,2025-04-08,1,2,0,3,2.397525789841865
08/26/2025,2025-08-26,3,0,0,3,2.548144342381399
09/04/2025,2025-09-04,1,0,0,1,2.1611082567860493
09/05/2025,2025-09-05,1,0,0,1,1.870831192589537
09/08/2025,2025-09-08,1,0,0,1,1.6531233944421526
09/10/2025,2025-09-10,2,0,0,2,1.7398425458316145
09/12/2025,2025-09-12,2,0,0,2,1.804881909373711
09/16/2025,2025-09-16,2,0,0,2,1.8536614320302833
09/18/2025,2025-09-18,1,0,0,1,1.6402460740227125
09/24/2025,2025-09-24,7,0,0,7,2.9801845555170345
09/25/2025,2025-09-25,1,0,0,1,2.485138416637776
10/01/2025,2025-10-01,2,0,0,2,2.363853812478332
10/06/2025,2025-10-06,3,0,0,3,2.522890359358749
10/08/2025,2025-10-08,0,1,0,1,2.1421677695190615
10/14/2025,2025-10-14,3,6,0,9,3.856625827139297
10/15/2025,2025-10-15,3,0,0,3,3.6424693703544726
10/16/2025,2025-10-16,0,1,0,1,2.981852027765854
10/17/2025,2025-10-17,2,0,0,2,2.73638902082439
10/20/2025,2025-10-20,0,1,0,1,2.3022917656182926
10/21/2025,2025-10-21,1,0,0,1,1.9767188242137195
10/22/2025,2025-10-22,1,0,0,1,1.7325391181602896
10/23/2025,2025-10-23,2,0,0,2,1.7994043386202172
10/28/2025,2025-10-28,2,0,0,2,1.849553253965163
11/04/2025,2025-11-04,1,0,0,1,1.6371649404738722
11/06/2025,2025-11-06,3,0,0,3,1.9778737053554043
11/11/2025,2025-11-11,1,2,0,3,2.2334052790165533
11/14/2025,2025-11-14,1,0,0,1,1.925053959262415
11/18/2025,2025-11-18,1,0,0,1,1.6937904694468113
11/21/2025,2025-11-21,2,1,0,3,2.0203428520851086
11/26/2025,2025-11-26,2,0,0,2,2.015257139063831
11/28/2025,2025-11-28,0,1,0,1,1.7614428542978733
12/03/2025,2025-12-03,0,1,0,1,1.571082140723405
12/08/2025,2025-12-08,0,1,0,1,1.4283116055425535
12/11/2025,2025-12-11,1,1,0,2,1.5712337041569153
12/18/2025,2025-12-18,3,1,0,4,2.1784252781176865
01/29/2026,2026-01-29,2,1,0,3,2.383818958588265
01/30/2026,2026-01-30,0,1,0,1,2.037864218941199
02/03/2026,2026-02-03,1,0,0,1,1.778398164205899
02/06/2026,2026-02-06,1,0,0,1,1.5837986231544243
02/10/2026,2026-02-10,0,2,0,2,1.6878489673658184
02/18/2026,2026-02-18,0,1,0,1,1.5158867255243638
02/20/2026,2026-02-20,0,1,0,1,1.3869150441432727
03/05/2026,2026-03-05,0,2,0,2,1.5401862831074546
03/17/2026,2026-03-17,0,1,0,1,1.4051397123305909
03/31/2026,2026-03-31,1,1,0,2,1.5538547842479433
04/07/2026,2026-04-07,0,1,0,1,1.4153910881859573
05/01/2026,2026-05-01,0,1,0,1,1.3115433161394678
05/13/2026,2026-05-13,1,1,0,2,1.4836574871046009
06/05/2026,2026-06-05,0,1,0,1,1.3627431153284506
07/22/2026,2026-07-22,0,1,0,1,1.272057336496338
